,from_bus,to_bus
0,753,0
1,1101,1
2,49,2
3,1053,2
4,2024,2
5,48,2
6,1276,3
7,1819,3
8,1961,3
9,1625,4
10,1625,5
11,224,6
12,1059,6
13,1265,7
14,1459,7
15,1459,7
16,1626,10
17,165,11
18,461,12
19,521,12
20,1151,11
21,1188,11
22,2106,12
23,2156,11
24,2450,12
25,167,13
26,502,13
27,976,13
28,1384,13
29,166,13
30,976,13
31,976,13
32,187,14
33,1743,14
34,991,15
35,554,16
36,1056,16
37,540,17
38,539,17
39,171,18
40,1183,19
41,1504,19
42,2261,20
43,1487,21
44,1548,21
45,64,22
46,2266,22
47,698,23
48,1030,23
49,1431,23
50,991,24
51,1263,24
52,2005,24
53,2280,24
54,1633,25
55,1633,26
56,2266,27
57,2272,27
58,64,27
59,1357,28
60,1682,28
61,1057,29
62,1799,30
63,1799,31
64,283,32
65,342,32
66,939,32
67,1517,33
68,2264,34
69,735,35
70,764,35
71,1590,35
72,2408,35
73,2265,36
74,1625,37
75,273,38
76,1792,38
77,2475,38
78,966,39
79,852,40
80,1958,40
81,751,41
82,2390,41
83,115,42
84,700,42
85,951,42
86,1537,42
87,1323,43
88,1323,43
89,267,44
90,282,44
91,324,44
92,2291,44
93,2293,44
94,2102,44
95,203,45
96,2364,45
97,2394,45
98,305,46
99,1955,46
100,464,47
101,487,47
102,2313,47
103,464,47
104,487,47
105,2312,47
106,487,47
107,452,50
108,2012,50
109,452,50
110,1906,51
111,2478,51
112,1204,52
113,1880,52
114,2330,52
115,2479,53
116,1204,53
117,2329,53
118,1316,54
119,1496,54
120,2022,54
121,2023,54
122,2023,54
123,333,55
124,518,55
125,1781,55
126,1807,55
127,538,56
128,770,57
129,1487,56
130,263,58
131,1342,58
132,2000,59
133,2287,59
134,1324,60
135,1324,60
136,374,61
137,752,62
138,1824,62
139,214,64
140,293,64
141,323,64
142,473,65
143,1199,65
144,1479,65
145,2039,65
146,473,65
147,1199,65
148,1479,65
149,2038,65
150,2039,65
151,202,66
152,68,67
153,1885,68
154,1998,69
155,2077,68
156,71,69
157,880,70
158,286,72
159,2105,73
160,2503,72
161,2252,74
162,2252,75
163,1615,77
164,2448,77
165,1615,77
166,2453,78
167,2454,78
168,2091,79
169,2269,79
170,82,81
171,82,80
172,475,82
173,506,82
174,576,82
175,955,82
176,1309,82
177,1932,82
178,2197,82
179,2243,82
180,1309,82
181,2195,82
182,2194,82
183,1942,83
184,2267,84
185,141,85
186,2261,85
187,1805,86
188,142,87
189,237,87
190,417,87
191,142,87
192,362,88
193,794,88
194,1096,89
195,2014,89
196,624,90
197,671,90
198,179,91
199,485,91
200,718,92
201,1198,92
202,2461,92
203,1199,93
204,2249,93
205,179,94
206,757,94
207,2276,94
208,232,95
209,232,95
210,1727,96
211,810,98
212,2146,97
213,810,98
214,1703,100
215,1703,99
216,160,101
217,511,101
218,1269,101
219,2044,101
220,723,102
221,1297,102
222,2269,103
223,1683,104
224,1683,105
225,1115,106
226,1601,107
227,757,108
228,2459,108
229,1552,109
230,536,110
231,1402,111
232,2014,112
233,2222,113
234,2501,113
235,624,114
236,739,114
237,1228,114
238,2151,115
239,2367,114
240,738,114
241,999,114
242,877,116
243,1229,116
244,2253,116
245,1229,116
246,2249,116
247,312,118
248,580,117
249,622,117
250,1531,117
251,1707,118
252,854,119
253,1180,119
254,1316,120
255,1316,121
256,643,122
257,763,122
258,1959,122
259,2147,122
260,2309,122
261,2498,122
262,1959,122
263,602,123
264,1316,123
265,126,124
266,478,125
267,684,125
268,1097,125
269,684,125
270,1097,125
271,480,125
272,479,125
273,683,126
274,1615,126
275,2271,127
276,2270,128
277,1162,129
278,202,130
279,704,130
280,2272,131
281,980,132
282,2273,133
283,87,134
284,2482,134
285,87,134
286,2145,135
287,2365,135
288,289,136
289,2068,136
290,742,138
291,742,137
292,274,139
293,1335,139
294,1028,140
295,2324,140
296,2325,140
297,1028,140
298,365,142
299,1036,142
300,1381,142
301,1391,142
302,2019,142
303,1036,142
304,1381,142
305,1391,142
306,1381,142
307,1833,143
308,1834,143
309,870,144
310,870,144
311,1037,145
312,753,145
313,219,146
314,218,146
315,828,147
316,1159,147
317,1285,147
318,1816,147
319,2355,147
320,1816,147
321,809,148
322,1360,148
323,2061,149
324,2159,149
325,2159,149
326,619,150
327,1607,150
328,458,151
329,733,151
330,1139,151
331,2115,151
332,1240,152
333,2274,153
334,835,154
335,1999,154
336,2332,154
337,582,155
338,2378,155
339,2189,156
340,1457,158
341,1479,158
342,1643,157
343,1714,158
344,2039,157
345,2144,157
346,1455,157
347,1479,157
348,1643,158
349,1714,157
350,2038,158
351,2144,158
352,1458,157
353,1456,158
354,1775,159
355,231,160
356,757,161
357,1062,162
358,1093,162
359,1094,163
360,1939,164
361,967,165
362,377,168
363,1487,168
364,378,169
365,851,170
366,985,170
367,1209,170
368,1640,170
369,984,170
370,1487,171
371,200,173
372,1364,173
373,1737,173
374,1804,173
375,2234,173
376,2282,173
377,871,174
378,941,174
379,1213,174
380,1738,174
381,940,174
382,1213,174
383,1899,174
384,1335,175
385,637,176
386,837,176
387,1692,176
388,2068,176
389,636,176
390,2035,177
391,2476,177
392,775,178
393,816,178
394,1047,178
395,1105,178
396,1735,178
397,2424,179
398,493,180
399,1725,181
400,227,182
401,1543,183
402,373,184
403,1217,184
404,1209,185
405,2468,185
406,1702,186
407,2296,186
408,1702,186
409,749,186
410,474,187
411,577,187
412,657,188
413,2387,188
414,1757,189
415,2466,189
416,2279,190
417,2151,191
418,2281,191
419,1558,192
420,610,193
421,649,193
422,2422,193
423,211,193
424,2131,193
425,212,193
426,1010,194
427,1210,194
428,2180,194
429,1010,194
430,2181,194
431,213,194
432,1541,195
433,1598,195
434,1869,197
435,1323,198
436,1578,198
437,2064,199
438,2064,199
439,1783,201
440,442,202
441,705,202
442,974,202
443,981,202
444,1397,202
445,704,202
446,983,202
447,982,202
448,975,203
449,2283,204
450,1549,205
451,2258,205
452,245,206
453,246,210
454,246,207
455,246,209
456,246,208
457,2430,215
458,2431,215
459,1323,216
460,1311,217
461,1396,217
462,1428,217
463,1311,217
464,1395,217
465,638,218
466,1267,218
467,1286,219
468,1602,218
469,1684,219
470,1884,218
471,2442,219
472,1286,218
473,611,220
474,639,220
475,1262,220
476,1268,220
477,1968,220
478,2375,220
479,611,220
480,434,221
481,1282,221
482,510,222
483,864,222
484,1302,222
485,1338,222
486,1454,222
487,1871,222
488,2070,222
489,2116,222
490,2407,222
491,2464,222
492,2071,222
493,582,223
494,656,223
495,2036,223
496,2080,223
497,582,223
498,1536,223
499,2080,223
500,1434,224
501,2119,224
502,2119,224
503,611,225
504,611,226
505,1269,227
506,2453,227
507,1297,228
508,1297,229
509,807,230
510,1713,231
511,1171,232
512,2129,232
513,656,233
514,1362,233
515,2004,234
516,1036,235
517,852,236
518,2164,236
519,274,238
520,548,240
521,776,241
522,1432,241
523,1592,241
524,1957,241
525,240,239
526,1532,242
527,1340,243
528,690,244
529,980,244
530,689,244
531,980,244
532,1336,246
533,1528,246
534,605,246
535,1527,246
536,605,246
537,605,246
538,1529,247
539,829,248
540,2477,248
541,931,249
542,1476,250
543,2159,250
544,254,251
545,254,252
546,254,253
547,1221,254
548,1564,254
549,2315,254
550,2394,256
551,1019,257
552,909,259
553,1297,259
554,1563,259
555,2337,259
556,2342,259
557,2492,259
558,1297,259
559,457,259
560,1213,260
561,1734,260
562,1188,261
563,2287,264
564,2286,265
565,2288,266
566,1865,267
567,1136,268
568,2420,268
569,1225,269
570,2018,269
571,2467,269
572,2248,270
573,1734,271
574,452,272
575,778,273
576,1964,273
577,778,273
578,2191,273
579,2494,273
580,1491,274
581,547,275
582,1700,275
583,547,275
584,1203,276
585,1672,276
586,1970,280
587,1969,279
588,1970,278
589,1969,277
590,1601,281
591,630,282
592,1689,282
593,2182,282
594,793,283
595,752,284
596,1196,284
597,2289,285
598,903,286
599,2366,286
600,871,287
601,871,288
602,2389,289
603,2029,290
604,1052,291
605,1052,292
606,2294,297
607,2314,299
608,1777,300
609,2366,300
610,2516,300
611,2155,300
612,774,304
613,926,304
614,1829,304
615,2363,304
616,2305,305
617,1957,306
618,436,307
619,1893,307
620,2100,307
621,630,308
622,852,308
623,2452,308
624,1251,309
625,1890,309
626,2103,309
627,1891,309
628,2103,309
629,375,310
630,1169,310
631,1817,310
632,2462,310
633,1101,310
634,2290,311
635,702,312
636,1787,312
637,752,313
638,1196,313
639,315,314
640,2244,314
641,1599,315
642,908,316
643,920,316
644,2246,316
645,2068,317
646,1140,318
647,2104,318
648,1140,318
649,2104,318
650,199,319
651,199,319
652,1204,320
653,1302,320
654,1934,320
655,2464,320
656,1586,321
657,1707,321
658,323,322
659,1839,323
660,2291,325
661,693,326
662,1629,326
663,1658,326
664,1657,326
665,2485,326
666,2436,330
667,2438,330
668,2292,331
669,758,332
670,508,336
671,1503,337
672,1510,336
673,1912,337
674,2006,336
675,2121,337
676,2502,336
677,2515,336
678,608,336
679,2006,337
680,298,338
681,348,338
682,413,339
683,900,339
684,2122,339
685,2306,339
686,2317,339
687,853,339
688,2294,339
689,434,340
690,553,340
691,202,341
692,414,341
693,554,342
694,429,343
695,882,343
696,2294,347
697,1391,349
698,668,351
699,668,350
700,731,352
701,2189,352
702,1635,353
703,1955,354
704,2188,354
705,2330,356
706,2329,355
707,703,357
708,1628,357
709,758,359
710,2297,358
711,964,360
712,1871,361
713,908,362
714,1598,363
715,543,364
716,1222,364
717,1363,366
718,1783,366
719,2065,367
720,1301,368
721,1819,368
722,2295,369
723,1322,372
724,1322,370
725,1322,371
726,1217,373
727,1324,373
728,1400,373
729,1400,373
730,1776,374
731,1776,374
732,1601,375
733,1153,376
734,1229,376
735,1421,378
736,1467,378
737,1811,379
738,1811,380
739,2302,381
740,2300,382
741,522,383
742,731,384
743,1013,384
744,1982,384
745,1114,385
746,1114,386
747,2035,387
748,2311,387
749,2035,387
750,1013,389
751,1013,388
752,2303,390
753,2301,391
754,921,393
755,1314,392
756,1574,393
757,2037,393
758,2514,392
759,2037,392
760,989,395
761,1326,394
762,1820,394
763,595,397
764,918,398
765,1662,398
766,2304,398
767,2180,399
768,2180,400
769,2181,401
770,2181,402
771,1551,403
772,1799,403
773,2498,404
774,1591,405
775,2499,405
776,1113,406
777,1954,406
778,790,407
779,1039,411
780,1094,410
781,1094,410
782,1094,411
783,1218,412
784,2160,412
785,2411,414
786,1395,415
787,1478,415
788,2509,417
789,1517,422
790,1544,422
791,2370,424
792,2385,422
793,2386,422
794,2369,424
795,2350,425
796,2351,423
797,1270,427
798,2039,427
799,1270,426
800,2038,426
801,2171,428
802,2171,428
803,1459,430
804,2393,430
805,472,431
806,542,431
807,1174,432
808,2306,432
809,1033,433
810,1040,433
811,1278,433
812,1942,433
813,2047,433
814,2165,433
815,1942,433
816,553,435
817,563,435
818,976,434
819,1282,434
820,1566,435
821,1969,435
822,563,434
823,976,435
824,1282,435
825,1566,434
826,1970,434
827,1970,435
828,1969,434
829,661,436
830,661,436
831,661,436
832,2161,438
833,2161,437
834,783,440
835,1824,440
836,566,441
837,948,441
838,948,441
839,2307,443
840,684,444
841,1097,444
842,1616,444
843,2214,444
844,1097,444
845,1616,444
846,1669,445
847,1685,446
848,1684,447
849,1948,448
850,506,449
851,537,449
852,2184,449
853,2197,449
854,614,450
855,939,450
856,470,452
857,492,452
858,569,452
859,2320,452
860,2112,453
861,941,454
862,1566,454
863,1969,454
864,716,454
865,940,454
866,1970,454
867,2047,455
868,2337,456
869,1726,458
870,1960,458
871,2457,460
872,2456,459
873,881,461
874,615,463
875,615,462
876,1805,464
877,627,466
878,1404,466
879,1472,466
880,1720,466
881,2240,466
882,627,466
883,2239,466
884,627,466
885,1650,466
886,1344,466
887,1345,466
888,471,467
889,488,467
890,1651,469
891,2003,468
892,2202,469
893,2308,468
894,471,468
895,488,467
896,1311,469
897,1395,469
898,2003,469
899,2003,469
900,542,472
901,1259,472
902,1638,472
903,2170,472
904,2338,472
905,2376,472
906,877,473
907,1102,473
908,2249,473
909,877,473
910,1102,473
911,2249,473
912,536,474
913,577,474
914,1401,474
915,1740,474
916,2208,474
917,2243,475
918,576,475
919,1741,475
920,2208,474
921,2208,474
922,2396,474
923,976,476
924,1080,477
925,1950,477
926,683,481
927,1234,481
928,1638,481
929,2247,481
930,683,481
931,1153,482
932,1153,483
933,1246,484
934,1246,484
935,2472,485
936,1147,487
937,1187,487
938,1147,487
939,867,488
940,2209,488
941,867,488
942,2209,488
943,2209,488
944,1335,489
945,2120,490
946,2120,491
947,879,493
948,1057,493
949,806,494
950,1032,494
951,873,495
952,2455,495
953,874,495
954,970,496
955,1200,496
956,970,496
957,671,497
958,671,498
959,1879,499
960,1554,502
961,1204,503
962,695,504
963,960,504
964,1542,505
965,2309,505
966,2310,507
967,594,508
968,1043,509
969,556,511
970,2262,511
971,1019,512
972,2177,513
973,1101,514
974,1314,514
975,2234,515
976,2311,516
977,1598,517
978,1844,517
979,1621,518
980,562,520
981,1293,520
982,1466,520
983,967,521
984,1188,521
985,1474,522
986,2103,522
987,2488,522
988,1095,523
989,1326,523
990,2313,525
991,2312,524
992,703,526
993,1712,526
994,2057,526
995,1712,526
996,2267,527
997,671,528
998,876,528
999,683,529
1000,1863,529
1001,2314,529
1002,683,529
1003,683,529
1004,1475,534
1005,1567,535
1006,1790,535
1007,2463,535
1008,1538,535
1009,765,537
1010,1399,538
1011,1487,538
1012,2370,538
1013,1487,538
1014,2369,538
1015,1399,538
1016,2350,538
1017,2351,538
1018,1530,539
1019,2323,540
1020,881,539
1021,882,541
1022,1384,541
1023,954,542
1024,1541,542
1025,1598,542
1026,1919,542
1027,2434,542
1028,531,542
1029,1541,542
1030,2376,542
1031,530,542
1032,532,542
1033,684,543
1034,1158,543
1035,684,543
1036,1157,543
1037,1223,543
1038,533,543
1039,545,544
1040,1309,544
1041,1294,545
1042,566,546
1043,2177,546
1044,1013,547
1045,1700,547
1046,1827,547
1047,1013,547
1048,2474,547
1049,743,548
1050,861,548
1051,1406,548
1052,861,548
1053,1406,548
1054,2316,549
1055,1339,550
1056,1963,550
1057,1618,551
1058,1925,551
1059,1173,552
1060,1266,552
1061,591,553
1062,1566,553
1063,2024,553
1064,2089,553
1065,590,553
1066,1566,553
1067,2089,553
1068,588,553
1069,2089,553
1070,589,553
1071,614,554
1072,1694,554
1073,2317,555
1074,626,557
1075,1892,558
1076,2307,559
1077,2483,559
1078,2439,558
1079,1565,558
1080,754,562
1081,946,560
1082,1293,562
1083,1466,561
1084,1747,560
1085,1801,560
1086,1828,562
1087,2001,562
1088,2463,562
1089,754,560
1090,1538,560
1091,1801,561
1092,2142,563
1093,2142,563
1094,819,564
1095,881,564
1096,1452,564
1097,734,565
1098,831,565
1099,735,565
1100,830,565
1101,1550,566
1102,2021,566
1103,2392,566
1104,1018,567
1105,2320,568
1106,951,570
1107,1125,570
1108,2252,570
1109,2252,570
1110,2321,571
1111,827,573
1112,1709,573
1113,2274,573
1114,2395,573
1115,2444,573
1116,1396,574
1117,1670,574
1118,2178,574
1119,680,575
1120,1173,575
1121,907,577
1122,1744,577
1123,2051,576
1124,882,579
1125,976,579
1126,1970,579
1127,882,578
1128,976,578
1129,1969,578
1130,803,581
1131,2029,580
1132,1022,583
1133,1589,583
1134,1721,583
1135,2169,583
1136,2252,583
1137,1022,583
1138,1589,583
1139,1722,583
1140,824,584
1141,2505,585
1142,908,586
1143,1174,587
1144,1023,592
1145,2323,593
1146,957,594
1147,613,595
1148,733,595
1149,1716,595
1150,1470,596
1151,1618,596
1152,2149,596
1153,2421,596
1154,1287,597
1155,1732,597
1156,966,598
1157,966,599
1158,1506,600
1159,626,601
1160,1941,601
1161,2418,601
1162,2374,602
1163,1783,603
1164,942,604
1165,1335,604
1166,1349,604
1167,2092,604
1168,696,605
1169,1507,605
1170,1776,605
1171,696,605
1172,1336,605
1173,1776,605
1174,2171,606
1175,946,607
1176,2283,607
1177,948,609
1178,1848,611
1179,661,615
1180,2344,615
1181,1639,616
1182,1669,616
1183,1683,617
1184,1683,618
1185,2488,619
1186,811,620
1187,625,621
1188,1433,621
1189,2328,621
1190,2330,621
1191,2329,621
1192,1799,622
1193,1134,623
1194,2151,624
1195,1959,626
1196,2319,626
1197,1508,628
1198,1805,628
1199,1206,629
1200,1173,631
1201,1343,631
1202,974,632
1203,1699,632
1204,2278,632
1205,2331,632
1206,2220,633
1207,2332,634
1208,1057,635
1209,879,638
1210,1613,638
1211,1698,638
1212,1698,638
1213,2262,641
1214,2448,641
1215,2414,642
1216,2499,643
1217,2333,644
1218,816,645
1219,816,645
1220,907,646
1221,649,647
1222,1140,648
1223,1323,648
1224,1088,649
1225,2231,649
1226,416,650
1227,565,650
1228,734,650
1229,802,650
1230,1133,650
1231,2334,651
1232,755,652
1233,2177,653
1234,2392,653
1235,2177,653
1236,575,654
1237,600,654
1238,1343,655
1239,1352,654
1240,2028,654
1241,2116,655
1242,2451,654
1243,2495,655
1244,1174,656
1245,2080,656
1246,1174,656
1247,1755,657
1248,453,658
1249,2112,658
1250,2335,659
1251,971,661
1252,972,661
1253,2344,661
1254,867,662
1255,2161,662
1256,2259,662
1257,867,662
1258,2161,662
1259,2209,662
1260,1416,663
1261,2171,663
1262,2092,664
1263,2163,664
1264,970,665
1265,2320,666
1266,839,667
1267,905,667
1268,1186,667
1269,1295,667
1270,1296,667
1271,2402,667
1272,792,668
1273,923,668
1274,1632,668
1275,1641,668
1276,792,668
1277,1641,668
1278,2101,669
1279,2101,669
1280,964,670
1281,1228,671
1282,2152,672
1283,2248,673
1284,1209,677
1285,1025,678
1286,2072,678
1287,2084,678
1288,1355,679
1289,1856,681
1290,1856,681
1291,2506,682
1292,1434,683
1293,1060,684
1294,1499,684
1295,1061,684
1296,1629,691
1297,2066,691
1298,2376,693
1299,2485,693
1300,1104,694
1301,1158,694
1302,1298,694
1303,1581,694
1304,1616,694
1305,1104,694
1306,1157,694
1307,2163,695
1308,912,696
1309,1122,696
1310,911,696
1311,2160,696
1312,777,697
1313,2337,697
1314,2338,699
1315,1124,700
1316,2151,700
1317,1123,700
1318,2062,701
1319,805,703
1320,2057,703
1321,2057,703
1322,2339,706
1323,1953,707
1324,2068,707
1325,1635,708
1326,1703,708
1327,2003,710
1328,2003,709
1329,2003,712
1330,2003,711
1331,1140,713
1332,1140,713
1333,1464,714
1334,2340,714
1335,904,715
1336,1693,715
1337,1832,715
1338,904,715
1339,1566,716
1340,1865,717
1341,2233,717
1342,1198,718
1343,1839,718
1344,1653,719
1345,2088,719
1346,2073,719
1347,730,720
1348,1727,720
1349,1212,723
1350,1236,723
1351,1330,723
1352,1353,723
1353,1434,723
1354,1904,723
1355,2100,723
1356,1297,723
1357,1213,724
1358,1507,724
1359,1734,724
1360,2120,724
1361,2161,724
1362,2120,724
1363,1269,725
1364,1780,725
1365,1854,726
1366,2162,726
1367,1780,725
1368,2341,727
1369,1342,728
1370,1999,728
1371,2342,729
1372,1459,730
1373,1459,730
1374,2062,731
1375,959,732
1376,1526,735
1377,1770,734
1378,2413,734
1379,2489,734
1380,1031,736
1381,2234,736
1382,2265,737
1383,2480,737
1384,2343,740
1385,906,741
1386,1130,742
1387,1332,742
1388,1555,742
1389,1821,742
1390,1997,742
1391,1130,742
1392,1821,742
1393,1997,742
1394,1406,743
1395,1827,744
1396,1927,744
1397,2344,745
1398,775,746
1399,1495,746
1400,2345,747
1401,771,748
1402,1233,748
1403,2123,748
1404,2346,749
1405,876,750
1406,2486,751
1407,2371,752
1408,1736,753
1409,2403,753
1410,2446,753
1411,2381,754
1412,1342,755
1413,1594,756
1414,1998,756
1415,2424,757
1416,2423,757
1417,743,758
1418,776,758
1419,1241,758
1420,1461,758
1421,1621,758
1422,1635,758
1423,1461,758
1424,2297,758
1425,1860,759
1426,1860,760
1427,1859,761
1428,1859,762
1429,770,769
1430,770,766
1431,770,767
1432,770,768
1433,1421,770
1434,2050,770
1435,1421,770
1436,1574,770
1437,2348,770
1438,2347,770
1439,965,771
1440,2348,772
1441,2347,773
1442,2007,777
1443,783,779
1444,783,780
1445,1366,782
1446,1366,781
1447,789,783
1448,1441,783
1449,2230,783
1450,788,783
1451,787,783
1452,1048,791
1453,2512,790
1454,1049,790
1455,1258,790
1456,2402,791
1457,1115,792
1458,1511,792
1459,1683,792
1460,1697,792
1461,1876,792
1462,1511,792
1463,1683,792
1464,2416,793
1465,908,794
1466,1038,795
1467,973,796
1468,1051,796
1469,1253,798
1470,1253,797
1471,1253,800
1472,1253,799
1473,2252,801
1474,1189,802
1475,1181,803
1476,1707,803
1477,1335,804
1478,1349,804
1479,1414,804
1480,1767,804
1481,2363,804
1482,1103,805
1483,2044,805
1484,2289,805
1485,2237,806
1486,1335,807
1487,1491,807
1488,1335,807
1489,1495,808
1490,1965,809
1491,1548,812
1492,1548,811
1493,813,2096
1494,1686,814
1495,2282,814
1496,1440,815
1497,1111,816
1498,1144,816
1499,1766,816
1500,2010,817
1501,2010,817
1502,980,818
1503,980,818
1504,882,820
1505,1197,820
1506,1359,821
1507,1543,822
1508,1943,822
1509,2487,822
1510,1543,822
1511,2063,823
1512,2063,823
1513,2381,824
1514,2400,824
1515,2350,826
1516,2351,825
1517,2343,827
1518,1888,829
1519,2103,832
1520,1352,833
1521,1355,833
1522,1464,834
1523,1774,834
1524,1896,834
1525,2319,836
1526,2418,836
1527,1600,837
1528,1691,837
1529,1633,838
1530,2352,840
1531,2353,841
1532,1183,842
1533,851,850
1534,851,847
1535,851,848
1536,851,849
1537,1803,851
1538,1750,852
1539,1858,852
1540,1879,852
1541,2164,852
1542,2318,852
1543,2387,852
1544,1755,852
1545,2452,852
1546,1755,852
1547,1280,853
1548,1568,853
1549,1751,853
1550,2317,853
1551,1963,855
1552,2192,855
1553,945,856
1554,2440,856
1555,945,856
1556,1898,857
1557,2357,857
1558,2333,859
1559,2334,858
1560,2474,860
1561,1014,861
1562,1459,862
1563,2333,862
1564,1459,862
1565,2355,863
1566,2273,864
1567,1045,865
1568,2342,866
1569,871,867
1570,2003,867
1571,871,867
1572,2003,867
1573,1143,869
1574,1312,869
1575,1965,869
1576,1312,869
1577,1734,870
1578,2011,870
1579,2160,870
1580,1029,870
1581,2011,870
1582,1899,871
1583,1172,872
1584,1806,875
1585,1489,876
1586,2151,876
1587,2151,876
1588,1267,878
1589,1278,878
1590,1032,880
1591,1813,881
1592,2237,880
1593,2323,881
1594,2178,882
1595,2178,882
1596,2178,882
1597,1329,883
1598,896,890
1599,896,892
1600,896,893
1601,896,894
1602,896,895
1603,896,891
1604,1672,896
1605,1980,896
1606,1448,899
1607,1814,898
1608,2357,901
1609,2358,901
1610,1121,902
1611,1121,902
1612,1179,904
1613,1280,904
1614,1446,904
1615,1281,904
1616,1832,904
1617,2051,906
1618,1237,908
1619,2246,908
1620,2299,908
1621,1733,909
1622,1963,909
1623,2163,909
1624,2360,910
1625,2382,913
1626,1572,914
1627,1193,915
1628,1900,915
1629,1138,916
1630,2103,916
1631,2441,917
1632,931,918
1633,1240,918
1634,1634,918
1635,2302,918
1636,2304,918
1637,2300,918
1638,1963,919
1639,2159,919
1640,1574,921
1641,1093,922
1642,1176,922
1643,1003,924
1644,1203,924
1645,1209,924
1646,1640,924
1647,1795,924
1648,1843,924
1649,1980,924
1650,1525,925
1651,2380,925
1652,1415,926
1653,1907,926
1654,2363,926
1655,1908,926
1656,1060,927
1657,1528,927
1658,2120,927
1659,1061,927
1660,1527,927
1661,2120,927
1662,1577,928
1663,1577,929
1664,1577,930
1665,2249,934
1666,2249,932
1667,2249,933
1668,2249,937
1669,2249,936
1670,2249,935
1671,1281,938
1672,1685,939
1673,1694,939
1674,2416,939
1675,960,942
1676,2313,943
1677,2312,944
1678,1342,945
1679,1569,945
1680,1789,945
1681,1999,945
1682,2001,946
1683,956,948
1684,1178,948
1685,2327,948
1686,1970,949
1687,2178,949
1688,1577,950
1689,1577,950
1690,1026,951
1691,2519,952
1692,952,674
1693,1145,953
1694,2229,953
1695,1937,954
1696,2434,954
1697,1161,956
1698,1329,957
1699,1317,958
1700,904,961
1701,904,962
1702,904,963
1703,1228,965
1704,2123,965
1705,2508,965
1706,1007,965
1707,1228,965
1708,1228,965
1709,1117,966
1710,1423,966
1711,2248,968
1712,2248,969
1713,1713,970
1714,1948,970
1715,2143,970
1716,1948,970
1717,2143,970
1718,2143,970
1719,1413,973
1720,1540,974
1721,1922,974
1722,2331,974
1723,2411,974
1724,1921,974
1725,2400,975
1726,2365,977
1727,2143,978
1728,954,979
1729,1006,980
1730,1617,980
1731,1724,980
1732,2248,980
1733,2254,980
1734,2339,980
1735,2248,980
1736,2255,980
1737,2248,980
1738,1181,986
1739,1045,989
1740,1254,989
1741,1326,989
1742,1745,989
1743,1044,989
1744,1746,989
1745,2366,990
1746,1232,992
1747,995,993
1748,1603,993
1749,1603,993
1750,996,993
1751,997,994
1752,1714,994
1753,1714,994
1754,1315,998
1755,1385,999
1756,2367,999
1757,1386,999
1758,2370,1001
1759,2369,1000
1760,1151,1002
1761,1102,1004
1762,2221,1004
1763,2371,1005
1764,1152,1006
1765,1739,1006
1766,2248,1006
1767,2519,1006
1768,1152,1006
1769,2461,1006
1770,2123,1007
1771,2401,1009
1772,1146,1010
1773,1396,1010
1774,1424,1010
1775,2187,1010
1776,1395,1010
1777,1217,1012
1778,1274,1012
1779,1113,1013
1780,1573,1015
1781,2386,1015
1782,2143,1017
1783,2143,1016
1784,2437,1018
1785,1161,1019
1786,2327,1019
1787,2372,1020
1788,1391,1021
1789,987,1022
1790,999,1022
1791,2251,1022
1792,988,1022
1793,999,1022
1794,2250,1022
1795,2373,1023
1796,1429,1024
1797,2082,1024
1798,2081,1025
1799,2125,1028
1800,1662,1028
1801,2160,1029
1802,1242,1030
1803,1497,1030
1804,2018,1030
1805,2429,1030
1806,1135,1031
1807,1243,1031
1808,1525,1031
1809,2293,1033
1810,1163,1034
1811,1441,1034
1812,1027,1035
1813,2114,1035
1814,2403,1037
1815,1693,1038
1816,1832,1038
1817,1121,1039
1818,2165,1040
1819,1821,1041
1820,1997,1041
1821,1591,1042
1822,1475,1043
1823,1634,1043
1824,2360,1046
1825,1358,1047
1826,1413,1050
1827,1430,1050
1828,1498,1051
1829,2041,1051
1830,2077,1051
1831,2414,1051
1832,1498,1051
1833,2041,1050
1834,1874,1052
1835,2374,1052
1836,1874,1052
1837,2024,1053
1838,1265,1054
1839,1955,1054
1840,1265,1054
1841,2510,1055
1842,1473,1057
1843,1853,1057
1844,1910,1056
1845,2263,1056
1846,1262,1058
1847,2375,1058
1848,1167,1062
1849,1273,1062
1850,1075,1072
1851,1075,1069
1852,1075,1070
1853,1075,1071
1854,1075,1074
1855,1075,1073
1856,1441,1075
1857,1824,1075
1858,1240,1076
1859,2373,1077
1860,2080,1078
1861,2080,1079
1862,2502,1080
1863,1727,1081
1864,1399,1083
1865,1399,1082
1866,2380,1084
1867,1155,1085
1868,1221,1085
1869,1221,1086
1870,1327,1087
1871,1357,1087
1872,1971,1087
1873,2179,1087
1874,2372,1087
1875,1981,1088
1876,2391,1088
1877,2470,1088
1878,1309,1089
1879,2379,1090
1880,1453,1091
1881,2415,1091
1882,1524,1092
1883,2467,1092
1884,2405,1093
1885,1522,1094
1886,2299,1098
1887,2382,1099
1888,1489,1101
1889,1723,1101
1890,2221,1102
1891,1630,1103
1892,2020,1104
1893,2020,1104
1894,1276,1105
1895,1962,1105
1896,2055,1105
1897,1248,1106
1898,1587,1106
1899,1114,1107
1900,1114,1108
1901,2017,1109
1902,1631,1110
1903,2289,1112
1904,2314,1112
1905,1248,1114
1906,1337,1114
1907,1248,1114
1908,1511,1115
1909,1561,1115
1910,1647,1115
1911,1807,1115
1912,1649,1115
1913,1648,1115
1914,2067,1116
1915,2383,1118
1916,1121,1119
1917,1604,1119
1918,1217,1120
1919,2163,1121
1920,2163,1121
1921,2160,1122
1922,1487,1127
1923,1487,1126
1924,1487,1128
1925,1732,1129
1926,1147,1131
1927,2207,1131
1928,2385,1132
1929,1190,1133
1930,1271,1134
1931,1398,1134
1932,1398,1134
1933,1737,1135
1934,1856,1136
1935,2387,1137
1936,1607,1138
1937,2098,1138
1938,2148,1138
1939,2098,1138
1940,2460,1139
1941,1717,1140
1942,2099,1140
1943,2104,1140
1944,1409,1141
1945,1687,1142
1946,1965,1143
1947,1735,1144
1948,1766,1144
1949,2390,1145
1950,1366,1146
1951,2388,1147
1952,1254,1148
1953,1915,1149
1954,2359,1149
1955,2484,1149
1956,2496,1149
1957,2310,1150
1958,2245,1151
1959,2518,1151
1960,2450,1151
1961,1247,1153
1962,1328,1153
1963,2473,1153
1964,1229,1153
1965,1247,1153
1966,1328,1153
1967,1229,1153
1968,2356,1154
1969,2432,1154
1970,1221,1155
1971,2389,1156
1972,1495,1159
1973,1577,1160
1974,1246,1162
1975,1289,1162
1976,1971,1162
1977,1246,1162
1978,1288,1162
1979,1824,1163
1980,2046,1163
1981,1824,1163
1982,1165,1164
1983,2302,1164
1984,2300,1165
1985,1842,1167
1986,2405,1167
1987,2417,1167
1988,2492,1168
1989,1996,1169
1990,2175,1169
1991,1537,1170
1992,1757,1171
1993,1610,1172
1994,1154,1173
1995,1533,1173
1996,1779,1173
1997,2373,1173
1998,1154,1173
1999,2122,1174
2000,1519,1176
2001,1877,1177
2002,2173,1177
2003,1877,1177
2004,2375,1178
2005,1925,1180
2006,2392,1182
2007,1402,1183
2008,1706,1183
2009,2183,1183
2010,1248,1185
2011,1248,1184
2012,1594,1186
2013,1508,1187
2014,1469,1188
2015,1271,1189
2016,2042,1190
2017,1737,1191
2018,1737,1191
2019,2393,1192
2020,1727,1193
2021,1728,1194
2022,1452,1196
2023,1539,1196
2024,1545,1196
2025,1452,1196
2026,1825,1197
2027,2094,1198
2028,2095,1198
2029,2093,1198
2030,2249,1199
2031,1864,1200
2032,1957,1201
2033,2439,1202
2034,1375,1203
2035,1795,1203
2036,2229,1203
2037,1376,1203
2038,2229,1203
2039,1377,1203
2040,1378,1203
2041,1502,1204
2042,1297,1205
2043,1250,1206
2044,1851,1206
2045,1951,1206
2046,2264,1206
2047,2478,1206
2048,1852,1206
2049,1525,1207
2050,1733,1207
2051,1503,1208
2052,2132,1208
2053,1300,1209
2054,1640,1209
2055,1299,1209
2056,1640,1209
2057,1796,1210
2058,2180,1210
2059,1330,1212
2060,2133,1212
2061,2003,1213
2062,2003,1213
2063,1711,1214
2064,2394,1215
2065,2395,1216
2066,1522,1217
2067,1844,1221
2068,2506,1221
2069,1491,1224
2070,2275,1224
2071,1794,1225
2072,2207,1226
2073,2396,1227
2074,1484,1228
2075,1601,1228
2076,1694,1230
2077,1601,1233
2078,2170,1234
2079,1877,1235
2080,1563,1236
2081,1920,1238
2082,1920,1239
2083,2377,1240
2084,1621,1241
2085,2281,1244
2086,1666,1247
2087,1668,1247
2088,1665,1247
2089,1667,1247
2090,2398,1249
2091,1301,1250
2092,2016,1250
2093,2477,1251
2094,2399,1252
2095,2020,1253
2096,2052,1253
2097,2020,1253
2098,2052,1253
2099,2020,1253
2100,2020,1253
2101,1365,1255
2102,1548,1255
2103,2400,1256
2104,2401,1257
2105,1829,1259
2106,1841,1259
2107,1318,1260
2108,2402,1261
2109,1354,1263
2110,2336,1264
2111,2403,1264
2112,1900,1265
2113,2028,1266
2114,1279,1268
2115,1517,1269
2116,2162,1269
2117,2412,1269
2118,1420,1269
2119,1517,1269
2120,2454,1269
2121,1517,1269
2122,1514,1270
2123,2048,1270
2124,2259,1270
2125,1513,1270
2126,2049,1270
2127,2209,1270
2128,1515,1270
2129,1516,1270
2130,1770,1271
2131,1562,1273
2132,2091,1275
2133,2157,1278
2134,1293,1281
2135,1321,1281
2136,1568,1281
2137,1968,1280
2138,2152,1279
2139,2364,1280
2140,1320,1280
2141,2152,1280
2142,1284,1283
2143,1727,1284
2144,1875,1284
2145,2490,1284
2146,1359,1285
2147,1930,1286
2148,1314,1290
2149,1574,1290
2150,1689,1292
2151,2233,1291
2152,2426,1292
2153,1689,1291
2154,2427,1291
2155,1733,1297
2156,1904,1297
2157,1940,1297
2158,1733,1297
2159,1616,1298
2160,1951,1301
2161,2405,1303
2162,1308,1305
2163,1309,1304
2164,1800,1309
2165,1837,1309
2166,2243,1310
2167,2419,1308
2168,1800,1310
2169,1837,1309
2170,2379,1309
2171,2221,1311
2172,2308,1311
2173,2221,1311
2174,1340,1313
2175,2291,1313
2176,1791,1315
2177,1838,1315
2178,2309,1315
2179,2479,1315
2180,1715,1316
2181,1445,1318
2182,1605,1319
2183,1909,1319
2184,2404,1319
2185,2436,1319
2186,2438,1318
2187,1446,1321
2188,1486,1321
2189,2117,1322
2190,2430,1322
2191,2117,1322
2192,1578,1323
2193,2015,1324
2194,1592,1325
2195,2036,1325
2196,2208,1326
2197,2208,1326
2198,2180,1328
2199,2181,1328
2200,2121,1329
2201,2121,1329
2202,2191,1331
2203,1776,1336
2204,1560,1337
2205,1965,1339
2206,1966,1340
2207,1994,1340
2208,2047,1340
2209,2151,1341
2210,2272,1341
2211,2134,1342
2212,2028,1343
2213,1347,1346
2214,1734,1346
2215,1348,1346
2216,2409,1351
2217,2410,1350
2218,1364,1353
2219,2442,1354
2220,2116,1355
2221,2513,1355
2222,2128,1355
2223,2411,1356
2224,1914,1357
2225,1618,1359
2226,2349,1359
2227,2355,1359
2228,1493,1360
2229,2010,1360
2230,2443,1360
2231,2010,1360
2232,1453,1361
2233,2445,1361
2234,1525,1362
2235,1796,1366
2236,1826,1366
2237,2187,1366
2238,1825,1366
2239,1610,1367
2240,1610,1368
2241,2412,1369
2242,2186,1370
2243,2343,1370
2244,1524,1379
2245,2413,1380
2246,2428,1381
2247,2509,1381
2248,2425,1381
2249,1405,1382
2250,1885,1383
2251,2268,1383
2252,1327,1387
2253,2414,1388
2254,1390,1389
2255,1787,1390
2256,2220,1390
2257,1756,1391
2258,2517,1391
2259,2490,1392
2260,1511,1393
2261,1512,1394
2262,2172,1395
2263,2178,1395
2264,2308,1396
2265,2178,1396
2266,1548,1399
2267,1729,1399
2268,1548,1399
2269,1730,1399
2270,2415,1403
2271,2211,1404
2272,1436,1405
2273,2166,1406
2274,2190,1406
2275,1636,1407
2276,2064,1407
2277,1636,1407
2278,2064,1407
2279,2416,1408
2280,2429,1409
2281,2493,1409
2282,1939,1411
2283,1939,1410
2284,1874,1412
2285,1873,1413
2286,2247,1414
2287,2025,1415
2288,1438,1416
2289,1707,1417
2290,1706,1418
2291,2417,1419
2292,2412,1420
2293,2113,1422
2294,2513,1422
2295,1504,1425
2296,1504,1427
2297,1504,1426
2298,2075,1429
2299,2085,1429
2300,2418,1430
2301,2042,1431
2302,1831,1432
2303,1957,1432
2304,2398,1432
2305,1552,1435
2306,2013,1436
2307,1740,1437
2308,1866,1438
2309,2171,1438
2310,2175,1438
2311,1867,1438
2312,2171,1438
2313,1939,1439
2314,2219,1440
2315,2419,1440
2316,1443,1441
2317,1444,1441
2318,1913,1447
2319,2164,1448
2320,1733,1449
2321,2491,1449
2322,1888,1450
2323,1612,1452
2324,2334,1459
2325,2459,1459
2326,1719,1460
2327,1807,1461
2328,1957,1461
2329,1807,1461
2330,1535,1461
2331,1534,1461
2332,1615,1462
2333,1615,1463
2334,1896,1464
2335,2244,1464
2336,2340,1464
2337,1955,1468
2338,1530,1469
2339,2037,1471
2340,1963,1476
2341,1920,1477
2342,1920,1477
2343,1481,1479
2344,1480,1479
2345,2424,1482
2346,2426,1483
2347,1817,1484
2348,2260,1485
2349,2032,1487
2350,1723,1489
2351,1900,1490
2352,1775,1491
2353,1775,1491
2354,1822,1492
2355,1782,1493
2356,2429,1494
2357,1718,1498
2358,2213,1499
2359,2430,1500
2360,1962,1501
2361,2321,1502
2362,2407,1502
2363,1912,1503
2364,1706,1504
2365,2271,1504
2366,2270,1504
2367,2352,1504
2368,2273,1506
2369,2185,1509
2370,2121,1510
2371,1635,1511
2372,1635,1511
2373,1544,1517
2374,1864,1517
2375,2406,1518
2376,1963,1520
2377,2432,1521
2378,1523,676
2379,1768,1524
2380,2017,1524
2381,2264,1524
2382,2433,1524
2383,1769,1525
2384,1770,1526
2385,1811,1529
2386,1811,1529
2387,1786,1531
2388,2471,1531
2389,2511,1532
2390,1950,1533
2391,1808,1537
2392,2169,1537
2393,1809,1537
2394,1881,1538
2395,1926,1543
2396,1704,1545
2397,1548,1547
2398,1548,1546
2399,1768,1549
2400,2017,1549
2401,1768,1549
2402,2237,1550
2403,1784,1552
2404,1991,1554
2405,2435,1553
2406,1553,675
2407,1997,1555
2408,2472,1555
2409,2437,1556
2410,2388,1557
2411,1505,1558
2412,1757,1558
2413,1525,1559
2414,2378,1559
2415,1631,1560
2416,2439,1565
2417,1846,1566
2418,1847,1566
2419,1911,1567
2420,2440,1569
2421,1488,1572
2422,1786,1572
2423,1799,1572
2424,2050,1574
2425,2241,1574
2426,2361,1572
2427,2385,1573
2428,2242,1573
2429,2286,1572
2430,1799,1572
2431,2348,1574
2432,2288,1572
2433,2347,1574
2434,1478,1575
2435,1788,1576
2436,2038,1576
2437,2039,1576
2438,2038,1575
2439,2039,1575
2440,2221,1575
2441,1492,1577
2442,1492,1577
2443,1475,1579
2444,2500,1579
2445,1475,1579
2446,1710,1580
2447,2066,1580
2448,2315,1580
2449,2066,1580
2450,2441,1582
2451,2103,1584
2452,2103,1583
2453,1633,1585
2454,1713,1585
2455,1765,1585
2456,2143,1585
2457,2345,1587
2458,1806,1587
2459,2504,1588
2460,2295,1591
2461,1728,1592
2462,2022,1592
2463,1843,1593
2464,1980,1593
2465,1596,1595
2466,1755,1595
2467,1755,1596
2468,1771,1597
2469,1859,1597
2470,1844,1598
2471,2040,1598
2472,1949,1599
2473,2290,1599
2474,2068,1600
2475,1633,1603
2476,1754,1603
2477,1765,1603
2478,1451,1604
2479,1690,1604
2480,1938,1604
2481,2014,1604
2482,2159,1604
2483,2159,1604
2484,2443,1606
2485,2445,1608
2486,2444,1609
2487,2368,1610
2488,2446,1610
2489,2455,1610
2490,2199,1610
2491,2447,1611
2492,2449,1614
2493,1868,1615
2494,2262,1615
2495,2448,1615
2496,2010,1619
2497,1985,1620
2498,1984,1620
2499,2297,1621
2500,2260,1625
2501,2265,1625
2502,2450,1627
2503,2341,1628
2504,1624,1629
2505,1622,1629
2506,2026,1630
2507,1623,1629
2508,1728,1632
2509,1701,1633
2510,1807,1635
2511,1807,1635
2512,2024,1636
2513,2024,1636
2514,2451,1637
2515,2326,1639
2516,2131,1642
2517,2039,1643
2518,2038,1643
2519,2107,1652
2520,2086,1653
2521,2087,1652
2522,1955,1659
2523,2420,1659
2524,1961,1660
2525,2505,1660
2526,2452,1661
2527,1799,1664
2528,1799,1663
2529,2097,1669
2530,2395,1669
2531,2181,1670
2532,2229,1671
2533,1678,1672
2534,1676,1672
2535,1677,1672
2536,2454,1679
2537,1837,1680
2538,1837,1681
2539,1913,1682
2540,2322,1684
2541,2384,1685
2542,2397,1685
2543,2277,1687
2544,2455,1687
2545,2104,1688
2546,2104,1688
2547,2014,1690
2548,2069,1693
2549,2215,1694
2550,2397,1694
2551,2457,1696
2552,2456,1695
2553,2458,1698
2554,1992,1702
2555,2193,1702
2556,2346,1702
2557,1728,1703
2558,1876,1703
2559,2444,1704
2560,2220,1707
2561,2219,1706
2562,2353,1707
2563,1875,1708
2564,2335,1709
2565,2315,1710
2566,2031,1711
2567,2257,1713
2568,2048,1714
2569,2058,1714
2570,2049,1714
2571,2058,1714
2572,1956,1716
2573,2481,1717
2574,1811,1720
2575,2460,1726
2576,1992,1727
2577,2268,1727
2578,1763,1728
2579,1901,1728
2580,2374,1728
2581,2316,1733
2582,2380,1733
2583,2469,1733
2584,2462,1742
2585,2208,1745
2586,2208,1746
2587,2464,1752
2588,2179,1753
2589,2257,1754
2590,2189,1758
2591,2258,1759
2592,2465,1760
2593,2191,1761
2594,2466,1762
2595,2467,1764
2596,2092,1767
2597,2389,1768
2598,2069,1769
2599,2468,1771
2600,2469,1772
2601,2469,1772
2602,1811,1773
2603,2177,1773
2604,2275,1775
2605,2470,1778
2606,2167,1780
2607,1807,1781
2608,2010,1782
2609,1929,1783
2610,2497,1783
2611,2518,1784
2612,2220,1787
2613,2361,1786
2614,2471,1786
2615,2221,1788
2616,2471,1793
2617,1905,1794
2618,2008,1794
2619,2493,1794
2620,1939,1799
2621,1939,1799
2622,2286,1799
2623,2288,1799
2624,2193,1806
2625,2345,1806
2626,2393,1806
2627,2054,1811
2628,2501,1811
2629,2178,1812
2630,2202,1812
2631,1958,1814
2632,1816,1815
2633,2473,1818
2634,1869,1822
2635,2371,1824
2636,1856,1830
2637,2153,1830
2638,2283,1831
2639,2465,1831
2640,2235,1832
2641,2474,1835
2642,1877,1836
2643,2475,1836
2644,1933,1837
2645,2476,1838
2646,2477,1840
2647,2506,1844
2648,2331,1845
2649,2112,1849
2650,1850,1852
2651,2167,1854
2652,2212,1855
2653,2410,1855
2654,1957,1857
2655,2398,1857
2656,2465,1857
2657,1981,1859
2658,2179,1859
2659,2468,1859
2660,2470,1859
2661,2181,1860
2662,2359,1861
2663,2480,1861
2664,2065,1871
2665,2298,1870
2666,1870,1886
2667,2145,1873
2668,2173,1872
2669,1878,1874
2670,2149,1877
2671,2365,1877
2672,2443,1878
2673,2135,1879
2674,2307,1882
2675,2307,1883
2676,2472,1887
2677,2460,1889
2678,2161,1894
2679,2161,1895
2680,2236,1896
2681,2222,1898
2682,1957,1901
2683,1896,1902
2684,2019,1903
2685,1906,1905
2686,1949,1912
2687,2292,1913
2688,2372,1914
2689,2354,1914
2690,2338,1919
2691,2179,1920
2692,2179,1920
2693,2485,1924
2694,1954,1926
2695,2130,1927
2696,2182,1928
2697,2290,1928
2698,2507,1931
2699,2486,1935
2700,2159,1938
2701,2096,1939
2702,2165,1942
2703,2488,1944
2704,2489,1945
2705,2169,1947
2706,2169,1946
2707,2238,1950
2708,2232,1952
2709,2489,1952
2710,2068,1953
2711,2168,1953
2712,2068,1953
2713,2062,1954
2714,2062,1954
2715,2188,1955
2716,2108,1955
2717,2449,1957
2718,2318,1958
2719,2261,1961
2720,2510,1961
2721,2491,1963
2722,2191,1964
2723,2005,1966
2724,2047,1967
2725,2279,1966
2726,2280,1967
2727,2178,1969
2728,1980,1979
2729,1980,1978
2730,1980,1977
2731,1980,1976
2732,2490,1983
2733,2287,1988
2734,2310,1988
2735,2413,1990
2736,2491,1995
2737,2462,1996
2738,1802,1999
2739,2153,1999
2740,1831,2001
2741,2357,2002
2742,2358,2002
2743,2145,2004
2744,2173,2004
2745,2492,2007
2746,2494,2009
2747,2024,2011
2748,2024,2011
2749,2401,2014
2750,2034,2020
2751,2033,2020
2752,2192,2023
2753,2192,2023
2754,2089,2024
2755,2511,2024
2756,2089,2024
2757,2089,2024
2758,2089,2024
2759,2089,2024
2760,2027,2028
2761,2129,2028
2762,2495,2028
2763,2497,2030
2764,2279,2031
2765,2058,2034
2766,2058,2033
2767,2434,2040
2768,2383,2041
2769,2123,2043
2770,2447,2043
2771,2498,2045
2772,2501,2053
2773,2341,2057
2774,2105,2059
2775,2502,2060
2776,2176,2062
2777,2190,2063
2778,2311,2065
2779,2153,2067
2780,2504,2068
2781,2107,2074
2782,2507,2076
2783,2508,2078
2784,2508,2079
2785,2107,2083
2786,2510,2090
2787,2131,2097
2788,2399,2104
2789,2191,2109
2790,2383,2109
2791,2219,2110
2792,2220,2111
2793,2298,2113
2794,2406,2121
2795,2447,2123
2796,2514,2124
2797,2284,2125
2798,2285,2125
2799,2512,2126
2800,2513,2127
2801,2445,2129
2802,2189,2130
2803,2189,2130
2804,2515,2132
2805,2332,2134
2806,2257,2143
2807,2476,2147
2808,2504,2150
2809,2281,2151
2810,2174,2153
2811,2154,2155
2812,2503,2155
2813,2516,2155
2814,2214,2161
2815,2213,2161
2816,2258,2168
2817,2252,2169
2818,2326,2171
2819,2473,2172
2820,2335,2177
2821,2292,2179
2822,2422,2179
2823,2354,2179
2824,2196,2186
2825,2360,2186
2826,2391,2186
2827,2486,2186
2828,2466,2191
2829,2475,2191
2830,2494,2191
2831,2451,2198
2832,2516,2200
2833,2435,2201
2834,2212,2207
2835,2303,2208
2836,2388,2207
2837,2409,2207
2838,2410,2207
2839,2457,2207
2840,2301,2208
2841,2456,2208
2842,2396,2208
2843,2358,2211
2844,2384,2215
2845,2271,2219
2846,2419,2219
2847,2270,2219
2848,2352,2219
2849,2353,2220
2850,2230,2226
2851,2230,2227
2852,2229,2228
2853,2426,2236
2854,2441,2236
2855,2362,2236
2856,2432,2238
2857,2253,2249
2858,2519,2256
2859,2484,2267
2860,2417,2269
2861,2423,2276
2862,2325,2285
2863,2305,2295
2864,2377,2304
2865,2382,2316
2866,2328,2321
2867,2421,2349
2868,2427,2362
2869,2483,2368
2870,2415,2433
2871,2487,2431
2872,2507,2440
2873,2481,2449
2874,1888,2607
2875,13,2520
2876,13,2549
2877,13,2573
2878,65,2521
2879,65,2574
2880,82,2550
2881,82,2575
2882,174,2576
2883,199,2522
2884,199,2551
2885,260,2552
2886,319,2523
2887,319,2553
2888,412,2524
2889,412,2554
2890,427,2525
2891,426,2577
2892,427,2591
2893,426,2601
2894,454,2526
2895,454,2555
2896,468,2578
2897,488,2579
2898,574,2602
2899,662,2527
2900,694,2592
2901,694,2603
2902,724,2528
2903,724,2556
2904,870,2557
2905,949,2529
2906,989,2580
2907,989,2593
2908,1012,2530
2909,1102,2581
2910,1176,2582
2911,1213,2531
2912,1223,2532
2913,1222,2559
2914,1247,2533
2915,1247,2560
2916,1270,2534
2917,1270,2561
2918,1270,2584
2919,1270,2594
2920,1274,2535
2921,1282,2536
2922,1282,2562
2923,1311,2563
2924,1311,2585
2925,1311,2595
2926,1336,2537
2927,1336,2564
2928,1407,2538
2929,1407,2565
2930,2025,1414
2931,676,1522
2932,1576,2539
2933,1576,2566
2934,1575,2586
2935,1575,2596
2936,1616,2540
2937,1707,2587
2938,1734,2541
2939,1734,2567
2940,1788,2542
2941,1799,2543
2942,1799,2568
2943,1812,2544
2944,1826,2588
2945,1825,2597
2946,1889,2545
2947,1899,2604
2948,2011,2546
2949,2011,2569
2950,2058,2589
2951,2058,2598
2952,2120,2547
2953,2160,2570
2954,2209,2548
2955,2209,2571
2956,2209,2590
2957,2209,2599
2958,2209,2605
2959,2221,2572
2960,2221,2600
2961,2221,2606
2962,1199,2817
2963,1199,2818
2964,1530,2819
2965,1153,2820
2966,60,2821
2967,1826,2822
2968,1327,2823
2969,1387,2824
2970,1229,2825
2971,116,2826
2972,1197,2827
2973,1826,2828
2974,1523,2829
2975,2399,2830
2976,343,2831
2977,2230,2832
2978,1366,2833
2979,1859,2834
2980,2180,2835
2981,2181,2836
2982,484,2837
2983,61,2838
2984,1825,2839
2985,539,2840
2986,13,2841
2987,540,2842
2988,2201,2843
2989,880,2844
2990,880,2845
2991,343,2846
2992,144,2847
