,vn_kv,load_p_mw,max_gen_p_mw,min_gen_p_mw,price_1,price_2,x_pos,y_pos
0,-0.4653298784488039,0,0,0,,,-0.1585493912800238,1.6774444250487044
1,-0.4653298784488039,0,0,0,,,1.1010624435978325,0.31436014376148674
2,-0.4653298784488039,0,0,0,,,-0.4448586798469328,-1.416561039338578
3,-0.4653298784488039,0,0,0,,,-1.1100779444240338,-0.49739953377631974
4,-0.4653298784488039,0,0,0,,,-0.22448505965763507,0.05244661704361987
5,2.149013090097589,0,0,0,,,0.4881530935809912,0.5419053542911243
6,2.149013090097589,0,0,0,,,0.25099130192154223,0.9705827483583249
7,-0.4653298784488039,0,0,0,,,-0.428077824503518,-0.6592012354256973
8,-0.4653298784488039,0,0,0,,,1.993915122154928,0.5326210339284841
9,2.149013090097589,0,0,0,,,0.4964964097390103,1.8953111349075324
10,-0.4653298784488039,0,0,0,,,1.3527314140154725,-0.2773425293322642
11,-0.4653298784488039,0,0,0,,,1.2370293793125304,-0.8028589466739285
12,-0.4653298784488039,0,0,0,,,0.11613423869238139,1.3270628067599293
13,2.149013090097589,0,0,0,,,0.2025797008927887,-0.6845063533178957
14,-0.4653298784488039,0,0,0,,,-0.7316980228251235,-1.3079824215319809
15,2.149013090097589,0,0,0,,,0.47282246700768665,0.9572325621906398
16,-0.4653298784488039,0,0,0,,,1.0374021983739663,0.5495618753298445
17,-0.4653298784488039,0,0,0,,,-1.4634547669018472,0.636870237855051
18,-0.4653298784488039,0,0,0,,,1.0842543259894508,1.4145887410023943
19,-0.4653298784488039,0,0,0,,,1.5850201801069872,-0.05488832841869156
20,-0.4653298784488039,0,0,0,15.881308010772742,0.3643975300034798,1.7966666348270175,1.3321586627437882
21,-0.4653298784488039,0,0,0,,,-0.24099506488575886,0.7412077188679922
22,-0.4653298784488039,0,0,0,,,1.1209729098738068,-1.1484356013264727
23,-0.4653298784488039,0,0,0,,,-0.1539775431771734,-1.5251996297450654
24,-0.4653298784488039,0,0,0,,,-1.465322877903684,0.09252012043396264
25,-0.4653298784488039,0,0,0,,,0.03344622124395858,-0.7727984763406904
26,-0.4653298784488039,0,0,0,,,1.0844012703083488,1.1702402775513174
27,-0.4653298784488039,0,0,0,,,-1.6994677433965009,-1.4064242980596156
28,-0.4653298784488039,0,0,0,,,-1.1191523226854447,0.8119043343470664
29,-0.4653298784488039,0,0,0,,,-1.6313950420900647,0.21861393948862035
30,-0.4653298784488039,0,0,0,,,-0.6703600205960465,0.24935006947360347
31,-0.4653298784488039,0,0,0,,,-1.1282535961283735,1.2798023286247102
32,-0.4653298784488039,0,0,0,,,-0.26981000174936143,1.4037627446155028
33,2.149013090097589,0,0,0,,,0.5887444089208981,2.1035175545323064
34,-0.4653298784488039,0,0,0,,,-0.8816812663816432,-1.506019689645722
35,-0.4653298784488039,0,0,0,,,0.343982618745188,-0.089535374680155
36,-0.4653298784488039,0,0,0,,,-1.6505877313353956,0.34943715529909214
37,-0.4653298784488039,0,0,0,,,0.23039289424516382,0.7542011863065576
38,-0.4653298784488039,0,0,0,,,-0.3097181855829269,-2.2861916298434304
39,-0.4653298784488039,0,0,0,,,-0.8432011386431976,-0.46522164917821535
40,-0.4653298784488039,0,0,0,,,-0.5017702758339505,0.648978197254412
41,-0.4653298784488039,0,0,0,,,0.7181940761123145,-1.5215090638043176
42,-0.4653298784488039,0,0,0,,,0.9410157517553244,1.3090133757235716
43,-0.4653298784488039,0,0,0,,,-0.46079683713760583,0.19072192445221178
44,-0.4653298784488039,0,0,0,,,-0.8072176459470741,-1.392839744486896
45,2.149013090097589,0,0,0,,,-0.8479507212502195,-0.6977667651515184
46,-0.4653298784488039,0,0,0,,,-0.7580737469500594,-0.7202901387384777
47,-0.4653298784488039,0,0,0,,,0.6122190476810508,-0.9085142729721264
48,-0.4653298784488039,0,0,0,,,-1.8917256137853258,0.7853417360873034
49,-0.4653298784488039,0,0,0,,,0.9856916980755006,-0.2869453492511999
50,-0.4653298784488039,0,0,0,,,-1.13681790601472,-1.662848379585355
51,-0.4653298784488039,0,0,0,,,-0.4346158180151635,1.0754391974618582
52,-0.4653298784488039,0,0,0,,,0.1924960662961792,-0.4029601230427057
53,2.149013090097589,0,0,0,,,0.7874236235165369,0.3462458268071058
54,-0.4653298784488039,0,0,0,,,-1.4646518617692394,0.4551437512524346
55,2.149013090097589,0,0,0,,,-0.7613108301639839,-0.9581590183074331
56,2.149013090097589,0,0,0,,,0.41971056923177563,0.9124554295636399
57,-0.4653298784488039,0,0,0,,,0.6470428745130561,-1.2934619210089495
58,-0.4653298784488039,0,0,0,18.97713727909418,0.1547543919093752,-1.4083381407630327,-0.5381427965938715
59,-0.4653298784488039,0,0,0,,,-0.7019436337361391,1.6252459348142898
60,-0.4653298784488039,0,0,0,,,1.3918743505601405,-0.0005358930476216714
61,2.149013090097589,0,0,0,,,0.33635424264027663,-0.7069045482306645
62,-0.4653298784488039,0,0,0,,,1.5803348558993622,0.18185255498808045
63,-0.4653298784488039,0,0,0,,,0.42720437835248887,-1.9192133323536285
64,-0.4653298784488039,0,0,0,,,1.2637562306253871,-0.4967579793653212
65,-0.4653298784488039,0,0,0,,,1.329309674511006,0.6039261590893773
66,-0.4653298784488039,0,0,0,,,-0.038103519578339906,0.17675069029546767
67,-0.4653298784488039,0,0,0,,,-0.8948589964263095,-0.14010033745849024
68,-0.4653298784488039,0,0,0,,,1.4076455718004683,0.20962108979201993
69,-0.4653298784488039,0,0,0,,,0.06887332160120133,-2.1996815254732835
70,-0.4653298784488039,0,0,0,,,-1.7024265981444824,0.5836688702040043
71,-0.4653298784488039,0,0,0,,,-0.22188479024420174,0.8641756960639527
72,-0.4653298784488039,0,0,0,,,-0.8951166590251582,-1.2368986377828546
73,-0.4653298784488039,0,0,0,18.91530729474708,0.2629313120785796,0.17832785589662384,0.9101655838079651
74,2.149013090097589,0,0,0,,,-0.6714650120029139,0.0008927674571012044
75,-0.4653298784488039,0,0,0,,,1.554871109756191,-1.1715443214895487
76,-0.4653298784488039,0,0,0,,,-0.549514757693183,1.4040372101252148
77,-0.4653298784488039,0,0,0,,,0.8455553005538193,-0.8942624369580701
78,-0.4653298784488039,0,0,0,,,0.15059205208829454,1.1653648973237625
79,-0.4653298784488039,0,0,0,18.15837477307684,0.4763740060324344,-0.18493931508768557,-1.3161988725200546
80,-0.4653298784488039,0,0,0,,,2.1943520284484834,0.7031676955987183
81,-0.4653298784488039,0,0,0,,,0.6331154176534765,1.4071461582342912
82,-0.4653298784488039,0,0,0,,,0.39536107955181615,-0.9958781114598693
83,2.149013090097589,0,0,0,,,-0.9225348049108753,0.9963654935974398
84,2.149013090097589,0,0,0,10.358895856168534,0.2264622377020191,-0.23092038086839603,0.4671744499774716
85,-0.4653298784488039,0,0,0,,,0.5977294489049076,2.520791696759836
86,-0.4653298784488039,0,0,0,,,1.4444837576760619,1.344739069870446
87,-0.4653298784488039,0,0,0,,,-1.3450639981531864,0.030442576699986748
88,-0.4653298784488039,0,0,0,,,1.106728860601649,-1.0638015008806372
89,-0.4653298784488039,0,0,0,,,1.1493560541814243,-0.8450114261280522
90,2.149013090097589,0,0,0,,,1.9030036082449822,0.38951095470592767
91,-0.4653298784488039,0,0,0,,,-1.4966185357842616,-0.07744941754199304
92,-0.4653298784488039,0,0,0,,,-1.5063315628554859,0.07619338713030194
93,-0.4653298784488039,0,0,0,,,-1.674608156206376,-1.7599569652772724
94,-0.4653298784488039,0,0,0,,,1.6248342056787655,-0.8213811197639611
95,-0.4653298784488039,0,0,0,,,-0.8727091064501122,0.6382281518440374
96,2.149013090097589,0,0,0,,,-0.018984129227250148,-0.47063626436219297
97,-0.4653298784488039,0,0,0,,,2.0057495479489793,0.6479567854624338
98,-0.4653298784488039,0,0,0,,,-1.5151181529645246,-0.5621517516958912
99,-0.4653298784488039,0,0,0,,,-0.6207447939029944,1.372762523447839
100,-0.4653298784488039,0,0,0,,,1.1025228382747152,0.5632798599123569
101,-0.4653298784488039,0,0,0,,,0.8767224692959079,1.393683978784596
102,-0.4653298784488039,0,0,0,,,-0.672693198761556,1.4811125241114969
103,-0.4653298784488039,0,0,0,16.91757581758884,0.1580933027598793,0.08033929329431085,1.6095324522097791
104,-0.4653298784488039,0,0,0,,,-1.8931554975628466,0.2528397592279858
105,-0.4653298784488039,0,0,0,,,1.1376894996948657,-0.6391752963517525
106,-0.4653298784488039,0,0,0,,,0.6572571312293907,0.6117922760195096
107,-0.4653298784488039,0,0,0,,,-0.2518789743644151,0.8525158108825988
108,2.149013090097589,0,0,0,,,-1.173103443513929,-0.01952068724061311
109,-0.4653298784488039,0,0,0,,,1.2290336663601493,1.0540717874689836
110,2.149013090097589,0,0,0,,,-1.1186409524718433,-0.6621131782385156
111,2.149013090097589,0,0,0,,,-1.2445508081402252,-0.191327770852081
112,-0.4653298784488039,0,0,0,,,0.4347741544178735,2.1397775019354204
113,2.149013090097589,0,0,0,,,-1.2348210932925558,0.10375659074719429
114,-0.4653298784488039,0,0,0,,,-1.0781886992077823,0.9102233181682458
115,-0.4653298784488039,0,0,0,,,1.649252993048079,0.47210775502007246
116,-0.4653298784488039,0,0,0,,,0.6544877399583742,1.166808952552277
117,2.149013090097589,0,0,0,,,0.32797747059995436,-1.432332883916784
118,-0.4653298784488039,0,0,0,,,0.5191457372613363,-1.9601956415698687
119,-0.4653298784488039,0,0,0,,,1.784495078476354,0.7001057405039885
120,-0.4653298784488039,0,0,0,,,-1.3541668608319521,-1.7836360030968057
121,2.149013090097589,0,0,0,,,-0.27235564215755725,1.1852095781260636
122,-0.4653298784488039,0,0,0,,,1.128179814183275,1.9551950671363745
123,-0.4653298784488039,0,0,0,,,2.0883053714726945,0.2833912549202318
124,-0.4653298784488039,0,0,0,,,-0.4043719271869871,0.07052860359146325
125,-0.4653298784488039,0,0,0,,,-1.3806051806629653,-0.5741014487840405
126,-0.4653298784488039,0,0,0,,,-0.004727180651795489,1.365956232268192
127,-0.4653298784488039,0,0,0,,,-0.16770586632628173,-0.47726340695548025
128,2.149013090097589,0,0,0,,,-0.5570136084729441,-1.2874739077589903
129,-0.4653298784488039,0,0,0,,,-0.4415370576300669,-0.31306526428250586
130,2.149013090097589,0,0,0,,,0.3386927078460853,-0.5978662603312498
131,2.149013090097589,0,0,0,,,-0.030343032623767766,-0.2646698100591597
132,2.149013090097589,0,0,0,,,-0.6623301090437751,0.8705855601044061
133,-0.4653298784488039,0,0,0,,,-0.2809871332885851,-1.3504784123867675
134,-0.4653298784488039,0,0,0,,,0.3944979949454279,-1.7737909793286102
135,-0.4653298784488039,0,0,0,,,-0.7262962186872116,-0.02745815824739342
136,-0.4653298784488039,0,0,0,13.78680942005408,0.1672314953783316,0.5465189399548352,-0.7728411556021446
137,-0.4653298784488039,0,0,0,,,-0.5639384874495245,1.4595800265445382
138,-0.4653298784488039,0,0,0,,,1.257448142605893,-0.7416247315514278
139,2.149013090097589,0,0,0,,,-0.46159079668442954,-0.6426841963863931
140,-0.4653298784488039,0,0,0,,,-0.8544085017644929,0.5362845481800371
141,-0.4653298784488039,0,0,0,15.185109454480806,0.3113907917036487,-0.32329056320439586,-2.0611463210945216
142,-0.4653298784488039,0,0,0,,,-0.16630044917759815,1.967494323153755
143,-0.4653298784488039,0,0,0,,,1.0128071143812714,1.513293224281722
144,2.149013090097589,0,0,0,,,0.3855388135640418,0.5623404633681595
145,-0.4653298784488039,0,0,0,,,0.5494275867805385,-0.5774910944003404
146,-0.4653298784488039,0,0,0,16.57951465558813,0.1076986176087929,-1.8802841229512837,0.40384271689835555
147,-0.4653298784488039,0,0,0,,,-0.7018714663569785,1.4563367161726417
148,2.149013090097589,0,0,0,,,0.20315280182786669,-0.2160913861649047
149,-0.4653298784488039,0,0,0,,,-0.3680647944118172,1.3811964902033431
150,-0.4653298784488039,0,0,0,11.938502178829484,0.3709466648071918,-1.4412299926080814,-0.8439404821537303
151,2.149013090097589,0,0,0,12.72316402066584,0.1437426450722396,0.01623787489044925,-0.12212583007318248
152,-0.4653298784488039,0,0,0,17.18605933601166,0.2491888298875055,1.1905295191860767,1.144429715177244
153,-0.4653298784488039,0,0,0,,,1.1416220564938087,1.1503226493522405
154,-0.4653298784488039,0,0,0,,,-0.7300089267029811,1.889415871666884
155,-0.4653298784488039,0,0,0,,,-1.0455895674272315,-1.4478660886216277
156,-0.4653298784488039,0,0,0,,,-1.830873834019768,-1.5598375424171165
157,-0.4653298784488039,0,0,0,,,-1.0472631767447098,-1.3995787625823473
158,-0.4653298784488039,0,0,0,,,-1.2160465102442557,-0.8000943994938431
159,-0.4653298784488039,0,0,0,,,-0.2088119233282462,0.005379898780112441
160,-0.4653298784488039,0,0,0,,,-0.3295607749489588,-0.8828534586587484
161,-0.4653298784488039,0,0,0,,,-1.0569399700578326,1.5767652255875417
162,-0.4653298784488039,0,0,0,,,-0.5373380663319091,0.08625950815915692
163,-0.4653298784488039,0,0,0,,,-1.4939850430202088,-0.45335223625579124
164,-0.4653298784488039,0,0,0,17.830036094590106,0.1540091620904983,-0.834928171877949,-0.2052117661456344
165,-0.4653298784488039,0,0,0,,,0.6763664885780929,-1.7402676303177542
166,-0.4653298784488039,0,0,0,,,-0.9535496127939681,-0.8975313441475707
167,-0.4653298784488039,0,0,0,,,-1.175669709000782,1.5227269885020733
168,-0.4653298784488039,0,0,0,,,0.5815627375232408,-1.5183231772517882
169,-0.4653298784488039,0,0,0,,,-0.9063248531793264,1.3481197863307532
170,-0.4653298784488039,0,0,0,,,0.389487469663728,-0.6969973054012673
171,2.149013090097589,0,0,0,,,0.20804214145220704,-0.8295683778111493
172,2.149013090097589,0,0,0,,,0.11581579799730099,0.7922127457784613
173,-0.4653298784488039,0,0,0,,,1.0745754615895322,-0.11559722114866547
174,-0.4653298784488039,0,0,0,,,-1.4926144526097649,-0.7021617900466932
175,-0.4653298784488039,0,0,0,,,-0.9980855000613735,-0.3596987553138934
176,-0.4653298784488039,0,0,0,,,0.1492623116315231,0.3542578342702931
177,2.149013090097589,0,0,0,,,-0.6931080867255929,-1.695872933658128
178,-0.4653298784488039,0,0,0,,,-0.1916142098119076,0.9498990076453298
179,2.149013090097589,0,0,0,,,0.11726555619708665,0.62525100640348
180,2.149013090097589,0,0,0,,,0.04217873520866405,-0.05407028840781444
181,-0.4653298784488039,0,0,0,18.503276397749957,0.3675139600027441,-0.7310692783808127,-0.18777102413687988
182,-0.4653298784488039,0,0,0,,,0.4645092568856537,-2.3820919782173293
183,-0.4653298784488039,0,0,0,,,-0.22822313507422376,0.7993394166434222
184,-0.4653298784488039,0,0,0,,,0.8192306129521869,0.8553699635085455
185,-0.4653298784488039,0,0,0,,,0.2636538240306253,-1.2858799305288415
186,-0.4653298784488039,0,0,0,,,1.1351025124202738,-0.7886903916272752
187,2.149013090097589,0,0,0,,,-0.09737918213139864,-1.399738018892083
188,-0.4653298784488039,0,0,0,,,0.6291576703666933,-2.1387104286437637
189,-0.4653298784488039,0,0,0,,,0.1588005926409839,0.28301390924289055
190,-0.4653298784488039,0,0,0,,,-0.6034925284160695,1.6744049215039152
191,2.149013090097589,0,0,0,,,0.0626017638996815,0.5230454224568527
192,-0.4653298784488039,0,0,0,,,1.598154333422358,0.0507279504802113
193,2.149013090097589,0,0,0,,,0.27988965915395236,-0.06770658393462278
194,-0.4653298784488039,0,0,0,,,-0.10443047530009522,0.9532026461045096
195,-0.4653298784488039,0,0,0,,,1.6255304000947444,-0.36761406326973833
196,-0.4653298784488039,0,0,0,,,-1.6495384946124125,-1.468475037600522
197,-0.4653298784488039,0,0,0,,,0.5086941980201027,-0.5500680267939113
198,-0.4653298784488039,0,0,0,,,-0.048409234138927,1.255276450769798
199,-0.4653298784488039,0,0,0,,,-0.07335938968195699,0.609826810361876
200,-0.4653298784488039,0,0,0,,,-0.6557687887651007,-1.1730669293615987
201,-0.4653298784488039,0,0,0,,,0.10831638360943896,-0.06521053836113255
202,-0.4653298784488039,0,0,0,,,0.6541512576852223,-0.5524674798830318
203,-0.4653298784488039,0,0,0,,,-0.48261750825121086,-1.1911897632453488
204,-0.4653298784488039,0,0,0,17.752448939943626,0.1966494559390575,0.45723284300231726,-0.3832311855693431
205,-0.4653298784488039,0,0,0,,,-0.727961005638716,-1.0090052881785194
206,-0.4653298784488039,0,0,0,,,-0.6813342599025972,-0.5678626327877426
207,-0.4653298784488039,0,0,0,,,0.7340018162958465,-0.7739526118119852
208,2.149013090097589,0,0,0,,,-0.5985697823465312,-0.21380296672492968
209,-0.4653298784488039,0,0,0,,,-0.41984508360144157,1.4887956652440557
210,-0.4653298784488039,0,0,0,,,-0.45492850046750993,-1.7648240375538986
211,-0.4653298784488039,0,0,0,,,-1.8568676025522812,-0.19630215238193086
212,2.149013090097589,0,0,0,,,-0.21411143790668222,0.6345250822962105
213,2.149013090097589,0,0,0,,,0.32763578073731264,-1.4980498216108904
214,-0.4653298784488039,0,0,0,,,-1.3657278331944924,1.0048098265639054
215,-0.4653298784488039,0,0,0,,,-1.2805355680014483,0.17445725690229358
216,-0.4653298784488039,0,0,0,,,-1.9798304742770936,0.5435788614206369
217,-0.4653298784488039,0,0,0,,,0.31379560558097613,-0.5781842349932186
218,-0.4653298784488039,0,0,0,,,0.6491923844038793,2.3013578597787023
219,-0.4653298784488039,0,0,0,,,-0.5008370778808869,-0.7738620640393263
220,-0.4653298784488039,0,0,0,,,-0.8394191389941584,1.814391120615233
221,-0.4653298784488039,0,0,0,,,-0.6522313534708034,-0.2748539783773648
222,2.149013090097589,0,0,0,,,0.23605067356220835,-1.0914832992254928
223,-0.4653298784488039,0,0,0,,,-1.2190404248426658,0.516472157541263
224,-0.4653298784488039,0,0,0,,,0.7019339403219711,-0.6239542354400247
225,-0.4653298784488039,0,0,0,,,-0.22365481042021876,-1.2940547292112157
226,-0.4653298784488039,0,0,0,,,-0.4957265254266093,-1.1603030979936835
227,-0.4653298784488039,0,0,0,,,-0.3386090004797204,-1.628200496312347
228,-0.4653298784488039,0,0,0,,,-1.7158070030931067,0.686810810161441
229,-0.4653298784488039,0,0,0,,,0.5219175379597298,-0.608999411364008
230,-0.4653298784488039,0,0,0,,,-1.5182835782791724,0.035876485490382984
231,-0.4653298784488039,0,0,0,,,-0.7630515105712987,-1.4428554995071816
232,-0.4653298784488039,0,0,0,,,1.5836695396472833,-0.14016819514621068
233,-0.4653298784488039,0,0,0,,,0.35767106215361705,-1.503430527748233
234,2.149013090097589,0,0,0,,,-0.1975931464015861,0.4762059943852263
235,-0.4653298784488039,0,0,0,,,-0.23504142376128312,-0.18557588517326346
236,-0.4653298784488039,0,0,0,,,1.8120209334896875,0.5224932322102812
237,-0.4653298784488039,0,0,0,,,-1.3871083830825477,1.1329443769289347
238,2.149013090097589,0,0,0,,,-1.1509569501696555,0.06006855033154126
239,-0.4653298784488039,0,0,0,,,-0.37002788270597026,-1.2922171725195386
240,2.149013090097589,0,0,0,,,-0.4651684174104741,0.6860864181035641
241,-0.4653298784488039,0,0,0,,,-0.4115181344356561,0.0009751803571076227
242,-0.4653298784488039,0,0,0,,,0.6948964184072385,-0.4964728735820367
243,2.149013090097589,0,0,0,,,-1.1283515651107912,-0.633378406254218
244,-0.4653298784488039,0,0,0,,,-1.4016211108772996,0.6004033389909584
245,-0.4653298784488039,0,0,0,,,-1.3256920550795386,1.063810852931117
246,2.149013090097589,0,0,0,,,0.16915643774403244,-0.6575891467361168
247,2.149013090097589,0,0,0,,,0.019637033472189116,0.3007801459977302
248,-0.4653298784488039,0,0,0,10.366643064210855,0.3815856029739198,2.0795145657953396,0.5408153380273416
249,-0.4653298784488039,0,0,0,,,1.7166898828203352,1.4796969301803922
250,2.149013090097589,0,0,0,,,-0.6605491625301351,-1.0494226047253645
251,-0.4653298784488039,0,0,0,,,0.9141825030690509,-1.5646920730943006
252,-0.4653298784488039,0,0,0,,,-0.13253746582142373,-0.5273646810771462
253,-0.4653298784488039,0,0,0,,,-0.7308345780229057,0.013103632991994813
254,2.149013090097589,0,0,0,,,0.4292658931458549,-0.9154829304656407
255,2.149013090097589,0,0,0,11.16693735132895,0.3513113997479825,-0.7621726066404099,-0.6104697898600219
256,2.149013090097589,0,0,0,,,0.3166877259480107,-1.6860877914701207
257,-0.4653298784488039,0,0,0,,,0.5260104092963577,-2.177075592985082
258,-0.4653298784488039,0,0,0,,,-0.20180101798376135,0.9962075823194652
259,-0.4653298784488039,0,0,0,,,1.3076481527506856,-0.5136604374414977
260,2.149013090097589,0,0,0,,,-0.8820820738123262,-0.6963666841993962
261,2.149013090097589,0,0,0,17.51280699487701,0.2379729342618654,-0.29144154477698725,0.3944589998698917
262,-0.4653298784488039,0,0,0,,,-1.0463368969269373,-0.4477903580954547
263,-0.4653298784488039,0,0,0,,,1.2518416724300947,0.8520181023007486
264,-0.4653298784488039,0,0,0,,,1.3039012744385918,0.32455861521845925
265,2.149013090097589,0,0,0,,,-0.5707758598475752,-1.0732978743321384
266,-0.4653298784488039,0,0,0,,,-0.7145287643556983,-0.6672693589998504
267,-0.4653298784488039,0,0,0,12.392182161996097,0.1180536215686739,-0.682083345588389,-0.47869084747930135
268,-0.4653298784488039,0,0,0,12.548060139421468,0.4997662839391399,0.7439952282698103,-0.5011338863731577
269,-0.4653298784488039,0,0,0,,,0.5790925995925442,-0.37535037216153067
270,-0.4653298784488039,0,0,0,,,1.2098908878182713,-0.8528364109556091
271,-0.4653298784488039,0,0,0,,,0.8091920815005995,1.7010766281788774
272,-0.4653298784488039,0,0,0,,,1.0699588184018178,-0.6232188354382747
273,-0.4653298784488039,0,0,0,,,0.9458515081158954,-1.193379868537765
274,-0.4653298784488039,0,0,0,,,0.05546386663457493,1.3316179291136439
275,2.149013090097589,0,0,0,,,0.19695117872439064,-0.647405897980981
276,-0.4653298784488039,0,0,0,,,0.1014471307739939,0.48943171544149383
277,-0.4653298784488039,0,0,0,,,-1.7772478697076375,0.006456474726127826
278,-0.4653298784488039,0,0,0,,,0.879912562502225,0.42885351075368944
279,2.149013090097589,0,0,0,,,1.061631494668769,0.2631700363680824
280,-0.4653298784488039,0,0,0,,,0.7332868592511853,1.1236326561853751
281,-0.4653298784488039,0,0,0,,,1.0523879889957493,-1.0108967379877933
282,-0.4653298784488039,0,0,0,,,-0.28901341682257126,-0.8984068040342151
283,2.149013090097589,0,0,0,,,-0.7614373480469373,-0.502075189524832
284,-0.4653298784488039,0,0,0,,,0.33821026990200137,-1.1314965992449102
285,-0.4653298784488039,0,0,0,,,1.0018210726130667,-1.096084614165944
286,-0.4653298784488039,0,0,0,18.576255311697626,0.3570108966509023,0.3491602345544584,-2.2297454702943833
287,-0.4653298784488039,0,0,0,,,-1.4997205269859704,-1.3735917742729542
288,-0.4653298784488039,0,0,0,,,0.3587159644144778,-1.9304035212786972
289,-0.4653298784488039,0,0,0,,,-0.4313420408591549,0.03761840242925465
290,-0.4653298784488039,0,0,0,,,-1.332309978929437,-0.1541306368877789
291,-0.4653298784488039,0,0,0,,,-0.6144721368338482,-0.052063065939075115
292,-0.4653298784488039,0,0,0,,,-0.4572681171766163,0.32755237863421793
293,-0.4653298784488039,0,0,0,,,-0.1477295972865812,-0.6628327646321862
294,-0.4653298784488039,0,0,0,19.497790261143027,0.1028087513105308,-0.25864459803760936,-0.6135686062791136
295,2.149013090097589,0,0,0,,,-1.2955829286074365,-0.1131179126899243
296,-0.4653298784488039,0,0,0,,,-1.7671474842477533,-0.14079615219964683
297,-0.4653298784488039,0,0,0,,,0.7695490919013709,-0.7076949458045524
298,-0.4653298784488039,0,0,0,,,0.6846971799805467,-0.1835507812062813
299,2.149013090097589,0,0,0,,,0.6054747763344135,0.7255595659450021
300,2.149013090097589,0,0,0,15.61686858011158,0.3989518645019007,1.435252927466549,0.13133467605013507
301,-0.4653298784488039,0,0,0,,,2.409449442375712,0.6723628370769713
302,2.149013090097589,0,0,0,,,0.5933144828106125,-0.6895363619170713
303,-0.4653298784488039,0,0,0,,,0.7901139723089569,-0.10821078959661248
304,-0.4653298784488039,0,0,0,,,-0.5560620831918901,1.1296911569938575
305,-0.4653298784488039,0,0,0,,,-0.16421558910378412,0.04416180363981118
306,2.149013090097589,0,0,0,,,-0.9807300846273478,0.9147938367246022
307,-0.4653298784488039,0,0,0,,,-0.1908329332751625,1.1031005305108912
308,-0.4653298784488039,0,0,0,,,-0.29317838889005043,-1.020476592157092
309,2.149013090097589,0,0,0,,,-0.23522527553847047,0.6459293675175916
310,2.149013090097589,0,0,0,,,0.294221917839929,0.5850494402291662
311,-0.4653298784488039,0,0,0,11.787805198499765,0.2533391505948996,-1.4668402066633919,-0.36181462034244893
312,2.149013090097589,0,0,0,,,0.4205207137901978,0.8038266736686909
313,-0.4653298784488039,0,0,0,,,0.027270526905827062,0.4791421928218556
314,-0.4653298784488039,0,0,0,17.702519331384003,0.1176626136390321,0.7633536676711593,0.8451763137014446
315,-0.4653298784488039,0,0,0,14.923810396145496,0.1851587593707527,-1.585069253697613,-0.04836635218963868
316,-0.4653298784488039,0,0,0,,,0.9801810640420886,-0.9004262612762137
317,-0.4653298784488039,0,0,0,,,-0.6638053491294814,1.8699897369532892
318,2.149013090097589,0,0,0,,,-0.03222445271872898,0.042301660893257126
319,-0.4653298784488039,0,0,0,,,1.442608238325558,-0.8417406271723916
320,2.149013090097589,0,0,0,,,-0.5567667575383443,0.0029421468011061954
321,-0.4653298784488039,0,0,0,,,0.8620773534679553,1.341240138218488
322,2.149013090097589,0,0,0,16.312530655635452,0.4597642839858723,0.37685561798319894,0.13753510618607742
323,-0.4653298784488039,0,0,0,,,1.8520096084925934,0.19570696389620293
324,-0.4653298784488039,0,0,0,18.394979229137057,0.1789874372484393,-0.514918280262017,1.3647288147046566
325,-0.4653298784488039,0,0,0,14.610393962924308,0.1364569985699366,-0.906160599315505,-0.8191191680434494
326,-0.4653298784488039,0,0,0,,,1.5549611939047367,1.3316206411310476
327,-0.4653298784488039,0,0,0,,,0.025507438828612183,-0.7294211149523513
328,-0.4653298784488039,0,0,0,,,0.09874243910225709,-2.416887096174886
329,-0.4653298784488039,0,0,0,,,-1.5226427618096292,-1.6199071199263904
330,-0.4653298784488039,0,0,0,,,1.6254439766453759,-0.9143280589495301
331,-0.4653298784488039,0,0,0,,,-1.5084826588599678,-0.3642178866641286
332,-0.4653298784488039,0,0,0,,,0.7835214387820009,1.236980985539213
333,-0.4653298784488039,0,0,0,,,1.3448323057477158,0.8112266387940935
334,-0.4653298784488039,0,0,0,14.979400733073051,0.1841838329190757,0.050358962420543725,0.5706868986594197
335,-0.4653298784488039,0,0,0,16.794111175532507,0.4972140875719245,1.1370622386147369,-1.417302091558183
336,-0.4653298784488039,0,0,0,,,-0.5781411997238801,-1.1243814799772838
337,-0.4653298784488039,0,0,0,,,-0.5688238668652189,-0.6704473237925883
338,-0.4653298784488039,0,0,0,,,1.840357082816177,-0.02103369587913176
339,-0.4653298784488039,0,0,0,,,-0.12210621675423135,-1.042075694103926
340,-0.4653298784488039,0,0,0,,,-0.4192515352851523,1.0389211413176225
341,-0.4653298784488039,0,0,0,,,0.09762948598375944,-1.7389168473086853
342,-0.4653298784488039,0,0,0,,,-1.6528386645773254,0.7837712255672592
343,-0.4653298784488039,0,0,0,,,1.2870445442312326,-1.3087683624150726
344,2.149013090097589,0,0,0,16.5078591412333,0.3517762287036634,0.36529011584196325,-0.049334349500893424
345,-0.4653298784488039,0,0,0,12.68795238744354,0.3268045815662786,1.172705085259898,-0.16328396107927026
346,-0.4653298784488039,0,0,0,10.673246669390178,0.3162564456601503,1.9198720633615962,0.14919849449921097
347,2.149013090097589,0,0,0,,,-0.20116868750583464,-1.3924067575679158
348,2.149013090097589,0,0,0,,,-0.6357692552450446,-0.527669472767046
349,-0.4653298784488039,0,0,0,,,-0.12407219296920188,0.752888957394647
350,-0.4653298784488039,0,0,0,,,0.9020830031268584,0.39545271970100804
351,-0.4653298784488039,0,0,0,,,-0.23574818808449655,-0.664679310566944
352,-0.4653298784488039,0,0,0,,,-0.594025671471987,-0.8678520945894621
353,-0.4653298784488039,0,0,0,,,-0.7783781078244222,-0.21554994948238576
354,-0.4653298784488039,0,0,0,,,-1.548999496422361,-1.1373964773781038
355,-0.4653298784488039,0,0,0,17.714451383585626,0.4429258079526134,0.4877721631299352,1.2667828758887067
356,-0.4653298784488039,0,0,0,14.80984132299646,0.3135209816322039,-0.1476852804441282,0.6804235153803525
357,-0.4653298784488039,0,0,0,,,0.8943602206332736,-1.3451339889208735
358,-0.4653298784488039,0,0,0,,,-0.38608920513075234,-0.39788043620713454
359,2.149013090097589,0,0,0,,,-0.8219895838899397,0.6745168144490373
360,-0.4653298784488039,0,0,0,,,-1.0456772044782987,0.9385624321738442
361,2.149013090097589,0,0,0,,,-0.5318801724015355,-0.8498442300678934
362,-0.4653298784488039,0,0,0,13.292064077336468,0.3663021243881221,-0.3398518750164038,0.4871869279417212
363,-0.4653298784488039,0,0,0,,,0.9844687604517164,1.2731354573047655
364,-0.4653298784488039,0,0,0,,,2.0859884948278102,0.19285141745404769
365,2.149013090097589,0,0,0,15.106410561751517,0.4206943998848101,0.5789201835857954,0.6669475872022251
366,-0.4653298784488039,0,0,0,12.636288286600568,0.4807437545269738,-0.30248167932022385,1.9508320936232535
367,-0.4653298784488039,0,0,0,,,1.4607990424790729,1.1044305009584467
368,-0.4653298784488039,0,0,0,,,-1.4662886822868941,-0.8775137387459832
369,-0.4653298784488039,0,0,0,,,0.10554787149049596,-0.01775069223776891
370,2.149013090097589,0,0,0,,,0.15108950714532093,0.4900346228870695
371,2.149013090097589,0,0,0,,,-0.36452876481947716,-1.5411738302047828
372,-0.4653298784488039,0,0,0,,,-0.8596154447439268,1.4854558571574323
373,-0.4653298784488039,0,0,0,,,-1.8042926709530718,-0.03656011732748811
374,-0.4653298784488039,0,0,0,,,0.7846674627193707,1.384633201878621
375,-0.4653298784488039,0,0,0,,,-1.0110043537485986,0.1692784303334962
376,-0.4653298784488039,0,0,0,,,-0.5108700974168885,1.0322769774414995
377,-0.4653298784488039,0,0,0,,,-1.3429894507442157,1.2829545729750187
378,-0.4653298784488039,0,0,0,,,-1.0176514493343856,0.40456086382512385
379,-0.4653298784488039,0,0,0,,,1.2153786209403645,1.1261756969210661
380,-0.4653298784488039,0,0,0,,,0.07087419954944887,0.6296292045550271
381,-0.4653298784488039,0,0,0,13.105115500462974,0.1151678189232253,0.4685321634693296,1.4580905610761952
382,2.149013090097589,0,0,0,16.2685343771635,0.2077842305941923,-0.8080258487145378,0.6438293758144903
383,-0.4653298784488039,0,0,0,,,-0.26890005650964965,-0.5090106060070281
384,-0.4653298784488039,0,0,0,,,-1.4392527718129493,0.8707619285054151
385,-0.4653298784488039,0,0,0,,,-1.0302564387810071,-1.112754532695796
386,-0.4653298784488039,0,0,0,,,-1.2106622551647064,-0.35195676181038665
387,-0.4653298784488039,0,0,0,,,0.023241095769601545,0.6689474467580584
388,2.149013090097589,0,0,0,,,1.0791072302578053,-0.44995168047577755
389,-0.4653298784488039,0,0,0,,,0.37245139787758247,-0.5259368279013343
390,-0.4653298784488039,0,0,0,,,-1.9910240877800227,-0.30173866418302964
391,-0.4653298784488039,0,0,0,,,-0.7991298090125135,0.1650813449805177
392,-0.4653298784488039,0,0,0,,,-0.13283951881434372,-0.9226194576551786
393,-0.4653298784488039,0,0,0,,,0.13678891484709568,1.6295449048751287
394,2.149013090097589,0,0,0,,,1.4557632654740453,0.1637902379210531
395,2.149013090097589,0,0,0,,,-0.14516357427845206,0.33531450444580246
396,-0.4653298784488039,0,0,0,15.574498105722824,0.4063838032613085,2.319048231992633,0.8782707041633565
397,-0.4653298784488039,0,0,0,,,-0.6698853334988855,-0.7165013467825943
398,-0.4653298784488039,0,0,0,,,-0.6509586778831816,1.3478023826727945
399,-0.4653298784488039,0,0,0,,,-1.6633445692899809,0.19089023222236384
400,-0.4653298784488039,0,0,0,,,0.689579839869092,-0.44159010742853383
401,2.149013090097589,0,0,0,,,-0.49662958064632423,0.7911973197378495
402,-0.4653298784488039,0,0,0,,,-0.21634858819040162,0.10009763072012172
403,-0.4653298784488039,0,0,0,,,0.47383986684687873,-1.663891307290512
404,-0.4653298784488039,0,0,0,,,0.9522905703552454,0.9473269219065779
405,-0.4653298784488039,0,0,0,,,0.5132731741502122,-0.8147632963029563
406,-0.4653298784488039,0,0,0,,,-0.6132381125117141,0.3648703806535717
407,-0.4653298784488039,0,0,0,,,1.0921236712842934,0.5411732233755223
408,-0.4653298784488039,0,0,0,,,-1.1393828651915743,-0.12455681567923983
409,2.149013090097589,0,0,0,,,-0.879911615689544,-0.6752022237407115
410,-0.4653298784488039,0,0,0,,,1.7858861439440021,-1.0868013381531523
411,-0.4653298784488039,0,0,0,,,1.601829779871472,-0.09388052609551202
412,-0.4653298784488039,0,0,0,,,-0.533652305288163,0.9026621886291749
413,2.149013090097589,0,0,0,,,-1.0941343804147887,0.12770118511379266
414,-0.4653298784488039,0,0,0,,,-0.19882335965792453,0.547175090545929
415,2.149013090097589,0,0,0,,,0.37299884197492783,-0.24305411539672447
416,-0.4653298784488039,0,0,0,,,0.8342359355921147,1.9337569625811755
417,-0.4653298784488039,0,0,0,,,1.3429634339227958,0.19613689149687838
418,-0.4653298784488039,0,0,0,,,1.970980508192295,0.7643687047269584
419,-0.4653298784488039,0,0,0,,,0.04407652279791781,1.2464118328157912
420,-0.4653298784488039,0,0,0,,,1.817562305274604,0.32356977508208046
421,-0.4653298784488039,0,0,0,,,-0.805057163890071,2.030557254490129
422,-0.4653298784488039,0,0,0,,,-1.4350140006123655,-0.917184976690641
423,-0.4653298784488039,0,0,0,,,1.0622843510530453,0.8941858219388301
424,-0.4653298784488039,0,0,0,,,-1.7187872688928383,-0.4407424020193783
425,-0.4653298784488039,0,0,0,,,1.8736283921658208,-0.8701113770207742
426,-0.4653298784488039,0,0,0,,,-1.511270773708904,-0.03682558310132606
427,2.149013090097589,0,0,0,,,1.1926743619223583,-1.036028678080444
428,2.149013090097589,0,0,0,,,-0.22051613483123317,-0.5664068778656206
429,-0.4653298784488039,0,0,0,,,1.001628842697831,-0.3266210405416357
430,-0.4653298784488039,0,0,0,,,-1.2101417753761032,-1.3681134970750113
431,-0.4653298784488039,0,0,0,,,0.5491668437370013,-0.3495525569646668
432,-0.4653298784488039,0,0,0,,,0.062495777508482266,-1.720777556939596
433,-0.4653298784488039,0,0,0,,,1.0242106569733873,1.8631665514078337
434,2.149013090097589,0,0,0,,,-0.9835895598272592,-0.06522547055695369
435,-0.4653298784488039,0,0,0,,,-0.3979168643642103,0.936866823576939
436,-0.4653298784488039,0,0,0,,,0.9171365403743185,0.1547452732304288
437,-0.4653298784488039,0,0,0,,,-0.7118910699554615,0.4053587906473421
438,-0.4653298784488039,0,0,0,,,-0.4288245760864462,2.132460077753794
439,-0.4653298784488039,0,0,0,13.18579559579802,0.3310788335892701,-1.3010437987582235,-1.0151496831001168
440,-0.4653298784488039,0,0,0,,,-0.1867492237433432,1.3786302942139392
441,2.149013090097589,0,0,0,,,0.4146818519426283,-0.6426792922730238
442,-0.4653298784488039,0,0,0,,,-0.8729957131168612,-1.1801682416270574
443,-0.4653298784488039,0,0,0,13.948432208584274,0.2477933835005585,0.9516493515690561,0.9139721465419934
444,-0.4653298784488039,0,0,0,,,-0.6167772515897076,0.9847921879234014
445,-0.4653298784488039,0,0,0,,,1.3041421158074837,0.05715958335241938
446,-0.4653298784488039,0,0,0,,,0.6076776707364683,-0.8573369983355777
447,-0.4653298784488039,0,0,0,,,-0.904798679539444,-0.18624976928942358
448,-0.4653298784488039,0,0,0,,,-1.8741621853853143,0.506263986781903
449,2.149013090097589,0,0,0,,,0.17749924639902465,-0.8777713107173386
450,2.149013090097589,0,0,0,,,-1.2766348633990905,-0.08675635867727635
451,-0.4653298784488039,0,0,0,,,-0.12704424816164,-1.3080056194434764
452,-0.4653298784488039,0,0,0,,,-1.1707992546329926,-1.5667355104538598
453,-0.4653298784488039,0,0,0,,,1.125289554352116,-0.12213230197891016
454,-0.4653298784488039,0,0,0,,,1.332794486838865,-1.0012644551498038
455,-0.4653298784488039,0,0,0,,,-1.7749119199106862,0.4330047899751494
456,-0.4653298784488039,0,0,0,,,-1.2373479150768205,-0.75643080290328
457,-0.4653298784488039,0,0,0,,,0.7793898116418241,1.0950331034047085
458,-0.4653298784488039,0,0,0,,,2.3536614355292986,0.7923497408873896
459,-0.4653298784488039,0,0,0,,,0.189863188601257,0.7667366963543676
460,2.149013090097589,0,0,0,,,-0.17103817012709246,-0.08579781278496552
461,-0.4653298784488039,0,0,0,,,0.12482532334321793,-1.6820676652131294
462,-0.4653298784488039,0,0,0,,,0.06658218507305726,-1.965034481770849
463,-0.4653298784488039,0,0,0,,,0.842084627896967,0.3017272521395473
464,-0.4653298784488039,0,0,0,,,1.6300895797158432,0.9450863242883979
465,-0.4653298784488039,0,0,0,,,1.0503016734220179,0.14721737385777547
466,-0.4653298784488039,0,0,0,,,0.05978459256873646,1.1961475904178507
467,-0.4653298784488039,0,0,0,,,1.182432416128297,0.945029260428184
468,-0.4653298784488039,0,0,0,,,0.6899794801071389,-0.851991202179905
469,-0.4653298784488039,0,0,0,,,1.448056488913951,-1.4543894271180875
470,2.149013090097589,0,0,0,,,1.3304945996293343,-1.2194848434684438
471,-0.4653298784488039,0,0,0,,,0.25492152366057186,-0.47918518798007437
472,-0.4653298784488039,0,0,0,,,0.5525823406622432,-0.8119500826488057
473,-0.4653298784488039,0,0,0,,,-0.6563988500783351,0.35935694629473
474,-0.4653298784488039,0,0,0,,,-0.7090370362887639,1.2266773682282486
475,-0.4653298784488039,0,0,0,,,-1.475557656823684,0.6159502444848441
476,-0.4653298784488039,0,0,0,,,-1.4230650267394975,-0.45883690235019764
477,-0.4653298784488039,0,0,0,,,0.842015274934074,1.6945731539137063
478,2.149013090097589,0,0,0,,,-0.39677965250060826,0.6381882945630544
479,-0.4653298784488039,0,0,0,,,0.7328252814591146,1.420814131152529
480,-0.4653298784488039,0,0,0,,,-0.2487617331415366,1.0143954638116865
481,-0.4653298784488039,0,0,0,,,-1.2062050199847079,0.7540874597594276
482,2.149013090097589,0,0,0,,,0.302520613268701,-0.41476045738102896
483,-0.4653298784488039,0,0,0,,,0.8791262166618179,0.7236068187502391
484,-0.4653298784488039,0,0,0,,,0.21692395420343533,0.8023728132239542
485,2.149013090097589,0,0,0,,,-0.448810673006125,-0.7854771340419586
486,-0.4653298784488039,0,0,0,,,0.8594998947364557,0.4570991013818022
487,-0.4653298784488039,0,0,0,,,-1.3242407528135212,-0.4559949392165289
488,-0.4653298784488039,0,0,0,,,-0.8258454921052184,-0.3064988363725621
489,-0.4653298784488039,0,0,0,,,0.9174063893215517,1.0446493781589048
490,-0.4653298784488039,0,0,0,,,-1.5562946701416775,0.4628077772793018
491,-0.4653298784488039,0,0,0,,,1.07705550438779,0.4733624111888907
492,-0.4653298784488039,0,0,0,,,0.5609405254022387,-0.1155588380171406
493,-0.4653298784488039,0,0,0,,,-0.9732271642685635,0.043437951767139944
494,-0.4653298784488039,0,0,0,,,-0.25406419467977026,1.1115681666864996
495,-0.4653298784488039,0,0,0,,,0.7328662488788631,1.476242511563998
496,-0.4653298784488039,0,0,0,,,-0.3212938678297863,1.4515987463115987
497,2.149013090097589,0,0,0,,,0.04136830118194957,0.41296735023617165
498,-0.4653298784488039,0,0,0,,,1.1927369441669833,1.0985496489886757
499,-0.4653298784488039,0,0,0,,,0.5861526130053114,-0.7668166945072659
500,-0.4653298784488039,0,0,0,12.579745858651853,0.3726332628390261,0.47190953509846195,1.5125441086320082
501,-0.4653298784488039,0,0,0,15.822411232852156,0.3467714602485512,-1.7586796509582732,0.5860259807165408
502,-0.4653298784488039,0,0,0,,,-0.6336108158143774,-1.4857428998508375
503,-0.4653298784488039,0,0,0,,,-0.23729386831010646,-1.0473659263582984
504,-0.4653298784488039,0,0,0,,,0.6000531943264249,1.3981013264641213
505,-0.4653298784488039,0,0,0,,,0.8354922690080361,0.40519855239875285
506,-0.4653298784488039,0,0,0,,,0.8845890093527458,-0.8062719364494346
507,-0.4653298784488039,0,0,0,,,0.77274013875274,-1.0918725555966595
508,-0.4653298784488039,0,0,0,,,-0.112263204299389,-0.6574479682947891
509,-0.4653298784488039,0,0,0,11.616287104437871,0.2281405536018752,1.5336593555914428,0.594589607678192
510,2.149013090097589,0,0,0,,,-1.1587733931493907,0.3372559391063903
511,-0.4653298784488039,0,0,0,,,-0.13315028641886187,-0.35667672591456867
512,-0.4653298784488039,0,0,0,,,-0.1092073271381501,0.08780677039877574
513,2.149013090097589,0,0,0,,,-0.5863801804640836,0.7814631725966095
514,2.149013090097589,0,0,0,,,-0.6346088758455085,-0.17294629291868807
515,-0.4653298784488039,0,0,0,,,-0.594190782883663,0.40414092105053506
516,-0.4653298784488039,0,0,0,,,-1.6823867958352243,0.7117844949146016
517,-0.4653298784488039,0,0,0,,,-0.5116588685936618,1.2544670164340623
518,-0.4653298784488039,0,0,0,,,-0.6197172456035738,-0.34950882768443897
519,-0.4653298784488039,0,0,0,,,-0.31105776176434574,0.9997145371028675
520,2.149013090097589,0,0,0,,,0.38398241759879737,0.34375170708374897
521,-0.4653298784488039,0,0,0,,,0.6521081801393511,1.449842224284461
522,-0.4653298784488039,0,0,0,,,0.01306473515952214,-0.06294237885047695
523,2.149013090097589,0,0,0,,,0.35060186075053557,0.5133144174143119
524,2.149013090097589,0,0,0,,,1.0648220652075158,-0.49148234712887157
525,-0.4653298784488039,0,0,0,,,-1.6661630937949783,-0.285897399335931
526,-0.4653298784488039,0,0,0,,,-1.5028889897094513,0.004192682682312885
527,-0.4653298784488039,0,0,0,,,-0.685316502545396,-1.4547993428665458
528,-0.4653298784488039,0,0,0,,,-0.4642837226860107,-0.8911913386790077
529,2.149013090097589,0,0,0,,,-0.6242204966244734,-0.5413722586262195
530,-0.4653298784488039,0,0,0,,,0.9806497290534496,0.9943455357118701
531,-0.4653298784488039,0,0,0,,,2.2440055339891996,0.4566515695672757
532,-0.4653298784488039,0,0,0,,,1.6190524239190036,1.2839336112577988
533,-0.4653298784488039,0,0,0,,,1.6165615933199802,-0.9604785770486697
534,2.149013090097589,0,0,0,,,-0.9467254672455305,-0.7345302931572351
535,-0.4653298784488039,0,0,0,,,-0.33830330992939733,-2.28490059991304
536,-0.4653298784488039,0,0,0,,,0.28001083316982284,-1.9509813891772496
537,-0.4653298784488039,0,0,0,,,1.610399142650433,-0.025318373910184627
538,-0.4653298784488039,0,0,0,,,-0.4148289570847528,0.5150572626661161
539,-0.4653298784488039,0,0,0,,,-1.0755573485247814,0.8555405056451281
540,-0.4653298784488039,0,0,0,,,-0.19141784602274012,0.1313184567617867
541,2.149013090097589,0,0,0,,,0.272665558921749,-1.7473817822413693
542,-0.4653298784488039,0,0,0,,,0.665815081191415,-0.5861772379475744
543,-0.4653298784488039,0,0,0,,,-0.7814193344697983,-0.8660059003745504
544,-0.4653298784488039,0,0,0,,,-0.2212171809711299,1.9654590388179725
545,2.149013090097589,0,0,0,,,0.04170117773136577,-1.6252315558354617
546,-0.4653298784488039,0,0,0,,,-0.206180260270519,1.6627032575047578
547,-0.4653298784488039,0,0,0,,,1.231488852633823,-0.4328571694906042
548,-0.4653298784488039,0,0,0,,,-0.5617932836701893,-1.9803905346714543
549,-0.4653298784488039,0,0,0,15.981338197650198,0.3904430524982167,-1.275423930315638,-1.575934868695837
550,-0.4653298784488039,0,0,0,18.258235772560106,0.1894920681930048,1.512889288118734,0.7700214215884982
551,-0.4653298784488039,0,0,0,,,-1.1080113796719602,-1.139502455607207
552,2.149013090097589,0,0,0,,,0.6986067536929935,0.45248906451802956
553,-0.4653298784488039,0,0,0,,,-1.3367913307091346,-0.6677916613164158
554,-0.4653298784488039,0,0,0,,,-1.4195478196777338,0.8705805435280086
555,-0.4653298784488039,0,0,0,,,0.059819624021462764,0.9367751414030244
556,-0.4653298784488039,0,0,0,,,0.17174011221483532,1.354216109557707
557,2.149013090097589,0,0,0,,,0.29201963842855805,-1.307766673641805
558,-0.4653298784488039,0,0,0,,,-0.7235348360703255,0.33239886336341407
559,-0.4653298784488039,0,0,0,,,-0.10540095177998918,-0.9480004586376327
560,-0.4653298784488039,0,0,0,,,1.7651339751665602,0.7537990390456424
561,-0.4653298784488039,0,0,0,,,-0.04843446005329291,-0.963371586495909
562,-0.4653298784488039,0,0,0,,,-1.7623283628533153,-0.27420246730885267
563,-0.4653298784488039,0,0,0,,,-1.2493112212700808,0.4380941394411469
564,2.149013090097589,0,0,0,,,-1.2758042967036023,-0.04790287949789843
565,-0.4653298784488039,0,0,0,,,0.7977909515521749,-0.5864018032349293
566,-0.4653298784488039,0,0,0,,,0.01914727530645127,-0.5556006428947257
567,-0.4653298784488039,0,0,0,,,-0.9078005561162029,-1.7266907383680536
568,-0.4653298784488039,0,0,0,,,-0.9055057191164091,-0.9916706170796982
569,-0.4653298784488039,0,0,0,,,0.008352466913779302,1.639595274689294
570,-0.4653298784488039,0,0,0,,,1.4075058740417805,0.29791073936761986
571,-0.4653298784488039,0,0,0,,,0.32772840098895284,-0.8899067104441766
572,2.149013090097589,0,0,0,,,0.03600795055086623,-1.645385500616806
573,-0.4653298784488039,0,0,0,,,0.4839030523521391,-1.9516671975609663
574,-0.4653298784488039,0,0,0,,,-0.6232173367582279,-0.5764638660268829
575,-0.4653298784488039,0,0,0,,,0.9023475158790953,-1.2035928346621965
576,-0.4653298784488039,0,0,0,,,-0.18577680396631407,-1.2574385391630787
577,2.149013090097589,0,0,0,,,-0.011224221428913267,-0.14035015939271805
578,2.149013090097589,0,0,0,,,-0.7272434092864923,-0.4018647148738941
579,-0.4653298784488039,0,0,0,,,-0.7171422729819436,-0.2849257320997328
580,-0.4653298784488039,0,0,0,,,-1.3100708906247367,-1.226813023203528
581,-0.4653298784488039,0,0,0,,,0.5525582718052006,-1.0814653556994844
582,-0.4653298784488039,0,0,0,,,1.80967439177336,-0.19070203915113204
583,-0.4653298784488039,0,0,0,,,1.2946118288610688,-0.7194967626548789
584,2.149013090097589,0,0,0,,,-1.2462731516647427,0.039968333828824684
585,-0.4653298784488039,0,0,0,11.563917185109473,0.4439930216503173,-1.934624322927988,0.16199367377427698
586,-0.4653298784488039,0,0,0,,,0.7107813523946314,-0.5456645562915118
587,-0.4653298784488039,0,0,0,,,1.7691511521450811,-0.335922804011494
588,-0.4653298784488039,0,0,0,,,-0.06341746145588578,-0.853975676659683
589,2.149013090097589,0,0,0,,,0.16304340100641798,-0.575138732827546
590,-0.4653298784488039,0,0,0,,,-1.0273714875943663,0.27516121079988143
591,-0.4653298784488039,0,0,0,,,-1.1050632486024186,0.2321926871663126
592,2.149013090097589,0,0,0,,,-1.1082332656529585,-0.16911767433275018
593,2.149013090097589,0,0,0,,,0.26956628977317304,0.6453997868114447
594,-0.4653298784488039,0,0,0,,,0.45528664120576884,-0.06615004018537195
595,-0.4653298784488039,0,0,0,,,-0.5390543810085214,1.30628868832443
596,-0.4653298784488039,0,0,0,,,-1.594736557769436,0.22839455442355608
597,-0.4653298784488039,0,0,0,17.34300519317053,0.1111746583967834,0.6795836410450281,-0.7684255265752921
598,-0.4653298784488039,0,0,0,,,-0.28814492628207783,-0.5459468065385124
599,-0.4653298784488039,0,0,0,,,-0.8284643362675077,-0.8581631489237133
600,-0.4653298784488039,0,0,0,,,0.5542456899996763,1.5187679594576489
601,-0.4653298784488039,0,0,0,,,1.8541960924429473,0.02336811572193048
602,-0.4653298784488039,0,0,0,,,-0.09418198190584626,1.369106704603987
603,-0.4653298784488039,0,0,0,14.08643432078822,0.3482276250399868,1.1618503149460637,0.6271847065020499
604,-0.4653298784488039,0,0,0,,,-1.492417291504113,-0.3923318866409622
605,-0.4653298784488039,0,0,0,,,-1.4658585241991084,0.13860874319922706
606,-0.4653298784488039,0,0,0,,,0.5107563280238033,0.41780756400719854
607,2.149013090097589,0,0,0,,,-0.5200109765705131,-0.08922195365351239
608,-0.4653298784488039,0,0,0,,,1.540511200070512,-1.0083924143220617
609,2.149013090097589,0,0,0,,,-0.9698509473904217,0.9718303266097755
610,-0.4653298784488039,0,0,0,,,-1.256156911025683,-0.2636648241015923
611,-0.4653298784488039,0,0,0,,,1.7987921155862026,0.6572264367237258
612,-0.4653298784488039,0,0,0,17.786879043633302,0.360935490404394,0.5186984722878103,1.4093854065426084
613,-0.4653298784488039,0,0,0,,,-1.2374730957574678,-0.5230351030271506
614,-0.4653298784488039,0,0,0,,,0.7603131828490785,1.3838245532876274
615,-0.4653298784488039,0,0,0,,,-0.1004277773215906,0.04404480314745417
616,-0.4653298784488039,0,0,0,,,1.2197932888744745,1.8933717765524694
617,-0.4653298784488039,0,0,0,,,1.708817671240273,0.8916442997533106
618,-0.4653298784488039,0,0,0,,,1.685098841688524,0.15553930117002032
619,-0.4653298784488039,0,0,0,18.03970567611009,0.3636848476595589,0.7218397450915657,-0.6659956891145984
620,-0.4653298784488039,0,0,0,,,-0.7559765854465642,-0.27296315475547134
621,-0.4653298784488039,0,0,0,,,1.3323095042096185,0.865864517267111
622,-0.4653298784488039,0,0,0,,,-0.112626932395081,-0.5679443067732601
623,-0.4653298784488039,0,0,0,,,1.5485004808491674,-0.16818256027432946
624,2.149013090097589,0,0,0,,,-0.24455306405460459,0.5601729738132541
625,-0.4653298784488039,0,0,0,,,-1.0402010498525547,0.0921573362012041
626,-0.4653298784488039,0,0,0,,,0.6902431688710159,1.743081110830102
627,-0.4653298784488039,0,0,0,,,0.3162739145504549,-1.9532340119240834
628,2.149013090097589,0,0,0,,,0.007973640622644504,-1.2896664420626773
629,-0.4653298784488039,0,0,0,,,0.9534966198340445,0.8093442298644157
630,-0.4653298784488039,0,0,0,,,1.5775557268836162,0.46997779831070696
631,-0.4653298784488039,0,0,0,,,-1.3953447326108872,-1.4219516163777348
632,-0.4653298784488039,0,0,0,,,-0.1153115566186236,-1.0013827013444911
633,-0.4653298784488039,0,0,0,,,-1.5620017469600755,-0.530709960416148
634,-0.4653298784488039,0,0,0,,,1.026131045556568,-0.3742791236321172
635,2.149013090097589,0,0,0,,,0.2548880829969271,-0.13622068264685214
636,-0.4653298784488039,0,0,0,,,1.2808611511504706,0.0753966141456547
637,-0.4653298784488039,0,0,0,,,1.3191452490002473,0.42210898563177224
638,-0.4653298784488039,0,0,0,,,-0.20706964758194163,-0.7195016032129052
639,2.149013090097589,0,0,0,,,0.5707271545327887,0.4588352549249816
640,-0.4653298784488039,0,0,0,,,0.31647903069976857,-0.7356034849484812
641,-0.4653298784488039,0,0,0,,,0.9412502120977337,-0.05801317272258279
642,-0.4653298784488039,0,0,0,,,1.449512880911149,0.348142649912545
643,-0.4653298784488039,0,0,0,,,-1.7240021320856027,-1.232496588737076
644,-0.4653298784488039,0,0,0,17.860714435268505,0.4204172145135837,0.006379616509354407,0.6257333904012854
645,-0.4653298784488039,0,0,0,,,1.0421984358800183,1.4490679637818988
646,-0.4653298784488039,0,0,0,,,-1.5621142896276665,-0.41297573590097414
647,-0.4653298784488039,0,0,0,,,-0.550593224312432,0.9537978169106353
648,-0.4653298784488039,0,0,0,,,-1.1595015121368724,0.4412570683248986
649,2.149013090097589,0,0,0,,,0.2576089157971831,-1.696627451811297
650,-0.4653298784488039,0,0,0,,,-0.5769628361221829,0.2047622524921129
651,-0.4653298784488039,0,0,0,15.922870186558129,0.2348197230755972,-0.9727178817881457,0.28189753495863157
652,-0.4653298784488039,0,0,0,,,1.8149741140001885,-0.9436046765007909
653,-0.4653298784488039,0,0,0,,,0.9217765557496962,1.8959527635251159
654,2.149013090097589,0,0,0,,,-0.3353947819661213,0.0603876795610782
655,-0.4653298784488039,0,0,0,,,1.2815801200060115,-1.5665485250007458
656,-0.4653298784488039,0,0,0,,,-1.4508647077433698,-1.7037808600393873
657,-0.4653298784488039,0,0,0,,,1.8071369725156927,0.5411986318333988
658,-0.4653298784488039,0,0,0,,,1.1095543398294747,-1.3752211082207375
659,-0.4653298784488039,0,0,0,,,-0.7037778003367449,0.0752812844546068
660,-0.4653298784488039,0,0,0,,,1.0365526958238112,-1.4307598913933408
661,-0.4653298784488039,0,0,0,,,0.5709661593704924,-1.559888230232778
662,-0.4653298784488039,0,0,0,,,0.4043693214471001,-1.4990083095287565
663,2.149013090097589,0,0,0,,,0.7018127588222861,0.3939037134570005
664,-0.4653298784488039,0,0,0,,,0.4229121329604157,-2.1810848167014796
665,-0.4653298784488039,0,0,0,,,-1.2269021970350993,-1.5757953814076127
666,2.149013090097589,0,0,0,,,-0.4789537493550369,0.8553305840898003
667,-0.4653298784488039,0,0,0,,,0.5198208147379011,2.337826035506609
668,-0.4653298784488039,0,0,0,,,1.055017370556964,0.5058979112098237
669,-0.4653298784488039,0,0,0,,,1.3082679702595827,0.11463400983260931
670,-0.4653298784488039,0,0,0,,,1.6046678523192928,0.3362780873015156
671,-0.4653298784488039,0,0,0,,,0.6644324961092332,-1.2382956439767723
672,2.149013090097589,0,0,0,,,-0.8961849551249692,0.5692783479983375
673,-0.4653298784488039,0,0,0,,,-0.22365090972123317,-2.3009260598343997
674,-0.4653298784488039,0,0,0,,,1.6063224535170115,0.4391653040634233
675,-0.4653298784488039,0,0,0,,,-1.4628964499204546,-0.2752234363964935
676,-0.4653298784488039,0,0,0,,,-0.4221284033246842,-1.5785844290492257
677,-0.4653298784488039,0,0,0,,,0.7473645654672293,1.7060458185928085
678,-0.4653298784488039,0,0,0,,,0.6865954525272484,1.3943683847782948
679,-0.4653298784488039,0,0,0,,,1.1834887759991553,1.4351909716709674
680,-0.4653298784488039,0,0,0,,,0.38177870777476136,-0.6668799366101558
681,2.149013090097589,0,0,0,,,0.09788700344053944,0.5683146336129934
682,-0.4653298784488039,0,0,0,,,0.1555962973044041,0.65336878089869
683,-0.4653298784488039,0,0,0,,,0.01446282979590847,-0.19914988827734245
684,2.149013090097589,0,0,0,,,-0.08499253124362109,0.2932775799784953
685,-0.4653298784488039,0,0,0,,,-1.5732231529177814,-1.0689849063214165
686,-0.4653298784488039,0,0,0,16.64489202825603,0.1037597639983324,0.1721304172338171,0.4771340003506955
687,-0.4653298784488039,0,0,0,16.46567286775609,0.4406333722291504,0.15972862262013685,-1.658321261370714
688,-0.4653298784488039,0,0,0,,,-1.7091381203507514,-0.19860988579772387
689,2.149013090097589,0,0,0,,,-1.245300846874874,0.22929845539665897
690,2.149013090097589,0,0,0,,,0.46472757933154735,0.7049422583293528
691,-0.4653298784488039,0,0,0,,,1.2945159143504372,-1.234115688056345
692,2.149013090097589,0,0,0,,,-0.17538496665821704,-0.18609790594494044
693,-0.4653298784488039,0,0,0,,,-0.2765987659257598,1.4557274427879894
694,-0.4653298784488039,0,0,0,,,1.0768303740085179,-0.07588977697502419
695,-0.4653298784488039,0,0,0,,,1.4888085479713136,-0.6378975337312744
696,-0.4653298784488039,0,0,0,,,-1.6249576673488775,0.8691005846890125
697,-0.4653298784488039,0,0,0,,,-0.6658349141856457,0.16414103457738696
698,-0.4653298784488039,0,0,0,,,-0.4375048011421051,0.8141040742949947
699,-0.4653298784488039,0,0,0,,,-0.32947710571586664,-1.244503328312534
700,-0.4653298784488039,0,0,0,,,2.290339781931676,0.147950996000033
701,2.149013090097589,0,0,0,,,0.5689610220806745,-0.2925610250728809
702,-0.4653298784488039,0,0,0,,,0.8011359769588368,0.9771040486472553
703,-0.4653298784488039,0,0,0,,,-1.6639412976311883,0.42422388189028215
704,-0.4653298784488039,0,0,0,,,0.5959865438435533,1.499231597948475
705,-0.4653298784488039,0,0,0,,,-0.8712497861163613,0.5921519749226715
706,-0.4653298784488039,0,0,0,,,-1.8066216696200532,0.03617294481072197
707,2.149013090097589,0,0,0,,,-0.46051936378382713,1.0646451965247976
708,-0.4653298784488039,0,0,0,,,1.4924452190365844,0.9561257577213588
709,-0.4653298784488039,0,0,0,,,-1.445736926308921,0.262303320587511
710,-0.4653298784488039,0,0,0,,,0.513442645503496,-0.171829553305641
711,-0.4653298784488039,0,0,0,,,-0.317064152876143,1.4074431520180943
712,-0.4653298784488039,0,0,0,,,1.0738631004557235,0.43889011722697513
713,2.149013090097589,0,0,0,,,-0.4463016253594703,-0.018423204914130624
714,-0.4653298784488039,0,0,0,14.256364789640507,0.4188196119887336,1.0084732210600889,-1.2221031771451782
715,2.149013090097589,0,0,0,,,-1.2521478539230122,0.0755152869533817
716,-0.4653298784488039,0,0,0,,,1.824138193794251,1.067303087839318
717,-0.4653298784488039,0,0,0,,,0.2501072985477725,-1.3241298747196504
718,-0.4653298784488039,0,0,0,,,1.3259106176746254,0.6610868630159547
719,-0.4653298784488039,0,0,0,,,0.3373283237770311,1.364045971890712
720,-0.4653298784488039,0,0,0,,,-0.882158709530733,1.8152007441029372
721,-0.4653298784488039,0,0,0,,,-0.6278252051814212,0.028172367379870604
722,-0.4653298784488039,0,0,0,,,0.5523692951840936,-0.879402199764017
723,-0.4653298784488039,0,0,0,,,-2.0127236283372243,-0.2011022030845082
724,-0.4653298784488039,0,0,0,,,-0.21581020611367302,-2.095360480787546
725,-0.4653298784488039,0,0,0,,,0.17848151553473615,1.606499164923311
726,-0.4653298784488039,0,0,0,,,-1.3119716035381905,-1.5061639187611238
727,-0.4653298784488039,0,0,0,,,-1.4526474719609914,0.6957360848947683
728,-0.4653298784488039,0,0,0,,,-1.2148320284835021,-0.5427820045678858
729,-0.4653298784488039,0,0,0,,,-1.7520123529959823,0.667884604787185
730,-0.4653298784488039,0,0,0,,,-0.9753910936026745,-0.23983379862614143
731,-0.4653298784488039,0,0,0,,,-1.0997778522947317,-0.4037948982669531
732,-0.4653298784488039,0,0,0,,,-1.102055098628038,-0.9864877750279867
733,-0.4653298784488039,0,0,0,,,2.119806446298581,0.25143099617586234
734,-0.4653298784488039,0,0,0,,,-0.9070215370712824,1.4558063534716943
735,-0.4653298784488039,0,0,0,,,0.7393135592857829,-0.2943658899875998
736,-0.4653298784488039,0,0,0,,,0.7043537113346349,-1.7075303173117407
737,-0.4653298784488039,0,0,0,,,-1.116552886203294,1.2374597039605986
738,-0.4653298784488039,0,0,0,,,-0.313963844748204,1.696829168121533
739,2.149013090097589,0,0,0,,,0.8210040960005139,-0.8015876666808412
740,-0.4653298784488039,0,0,0,15.135683337577431,0.305023515861503,-0.2519393290681623,0.9324249154016148
741,-0.4653298784488039,0,0,0,,,1.4972363952248475,0.6222614144012929
742,-0.4653298784488039,0,0,0,,,-1.4890024096323125,-1.198604279533805
743,-0.4653298784488039,0,0,0,,,2.024654012548856,1.1112564689603446
744,2.149013090097589,0,0,0,,,0.030436963194368907,0.787922301059514
745,2.149013090097589,0,0,0,15.012578437160972,0.4484010290279808,0.520348525444444,0.7114757633039849
746,-0.4653298784488039,0,0,0,,,0.5045689300668493,-0.4455052430227655
747,-0.4653298784488039,0,0,0,,,-0.9547464099247868,-0.5540376675560175
748,-0.4653298784488039,0,0,0,,,0.4198998637188772,-0.5613913832997982
749,2.149013090097589,0,0,0,,,-0.925668103794993,-1.1814343494651969
750,-0.4653298784488039,0,0,0,,,1.4089615526447647,-1.725062133528575
751,-0.4653298784488039,0,0,0,,,-1.7271815997032238,0.6354933770147814
752,-0.4653298784488039,0,0,0,,,-0.39128646920047555,0.5507602931008788
753,-0.4653298784488039,0,0,0,,,1.6898724415032869,1.1515506997755869
754,-0.4653298784488039,0,0,0,,,-0.24602332617997683,-2.0524589257182932
755,-0.4653298784488039,0,0,0,10.370838109187993,0.2620408216374668,0.5284679221733916,0.8694475999080641
756,-0.4653298784488039,0,0,0,,,1.6880186589465758,-0.7339558639278183
757,-0.4653298784488039,0,0,0,,,-1.4313898015198834,-1.372681250480993
758,-0.4653298784488039,0,0,0,,,0.1916585664977713,0.37546612194781337
759,2.149013090097589,0,0,0,,,0.27806991504036604,0.4395413489688739
760,-0.4653298784488039,0,0,0,,,1.0401698631745033,-1.3555922006251173
761,-0.4653298784488039,0,0,0,,,-0.5247684274591554,0.3090389575726694
762,-0.4653298784488039,0,0,0,,,2.101615092735817,0.08423217732562685
763,-0.4653298784488039,0,0,0,,,0.9326782343924422,1.542440864239389
764,-0.4653298784488039,0,0,0,17.08116095181514,0.4376825434326501,-1.925925164371063,0.27389070394609955
765,-0.4653298784488039,0,0,0,,,-0.3896991737266481,-1.4583482867989663
766,-0.4653298784488039,0,0,0,,,-1.2697876139349857,1.1910515861968751
767,-0.4653298784488039,0,0,0,,,-1.2961687133998172,-0.5347919751761353
768,-0.4653298784488039,0,0,0,,,-0.5583044796608717,1.64267431573134
769,2.149013090097589,0,0,0,,,0.9518044853460195,0.2759159539847385
770,-0.4653298784488039,0,0,0,,,-0.711069438259707,0.6700527015508948
771,-0.4653298784488039,0,0,0,,,1.0136108902607202,1.215815266332628
772,-0.4653298784488039,0,0,0,,,-1.0864355706026025,-0.2941608107860446
773,-0.4653298784488039,0,0,0,,,-0.6289678793038529,0.27419391428751505
774,-0.4653298784488039,0,0,0,,,-0.8847364766675565,-0.5868834737227777
775,2.149013090097589,0,0,0,,,-0.19757847561509811,-0.13758678867308893
776,-0.4653298784488039,0,0,0,,,-0.9193803203052844,0.5285793233086817
777,-0.4653298784488039,0,0,0,,,-1.4802898689170139,0.5103935564312442
778,2.149013090097589,0,0,0,,,-0.42291318603631317,-0.5371753343270578
779,-0.4653298784488039,0,0,0,,,1.529300013316261,-1.2348127817563535
780,-0.4653298784488039,0,0,0,,,-1.279625839243227,0.6491755582141165
781,-0.4653298784488039,0,0,0,,,1.6323985530448146,0.26817427681430794
782,-0.4653298784488039,0,0,0,,,-1.4987831290597926,-0.8108804836534287
783,2.149013090097589,0,0,0,,,1.7057860593509029,0.23851777156564094
784,-0.4653298784488039,0,0,0,16.204306002170096,0.3903110534814923,0.5343923403676677,1.4476374337641889
785,-0.4653298784488039,0,0,0,17.77808534617243,0.3518318411564988,-1.2756247461898977,-1.0602086015975842
786,-0.4653298784488039,0,0,0,14.594094656478791,0.4929718094529126,-0.7020497658028447,-1.1465602329908031
787,-0.4653298784488039,0,0,0,,,0.6032604866717918,-0.4808421852800124
788,2.149013090097589,0,0,0,,,-0.6186832699313654,-1.7578481999967288
789,-0.4653298784488039,0,0,0,,,-0.2173770366499196,-0.5124422837822361
790,-0.4653298784488039,0,0,0,,,-0.3270528581898111,0.5952049193309944
791,-0.4653298784488039,0,0,0,,,1.9088289927469624,0.9441369844491536
792,-0.4653298784488039,0,0,0,,,1.3117156094615863,-0.5865898053094526
793,-0.4653298784488039,0,0,0,,,0.6911653553717962,-0.08886696889372726
794,-0.4653298784488039,0,0,0,,,-0.46894409350307714,-0.42013116920299687
795,-0.4653298784488039,0,0,0,,,0.25729869683313716,-0.9146367938523488
796,-0.4653298784488039,0,0,0,,,0.7044026878478153,-0.4096499859569533
797,-0.4653298784488039,0,0,0,,,-1.9319494649567024,0.8225019523196758
798,-0.4653298784488039,0,0,0,,,-0.6677949814349454,1.626373948476199
799,2.149013090097589,0,0,0,,,0.8378109683147332,-0.3119622038919368
800,2.149013090097589,0,0,0,,,-0.16436124303736152,-0.14353237920687378
801,-0.4653298784488039,0,0,0,,,-1.608482354087577,-0.1221768503836389
802,-0.4653298784488039,0,0,0,,,0.8117208778822296,1.2905117772410306
803,-0.4653298784488039,0,0,0,,,-0.793380435495177,-0.35002591335731625
804,2.149013090097589,0,0,0,,,1.2109615512509644,0.24694814395839912
805,2.149013090097589,0,0,0,,,0.8890866366087667,-1.0052161165982971
806,-0.4653298784488039,0,0,0,,,-0.5023259139235802,-2.340120872983738
807,-0.4653298784488039,0,0,0,,,-1.212111422394185,-1.275183683061497
808,2.149013090097589,0,0,0,,,0.42319793360309704,-0.6930237901399554
809,-0.4653298784488039,0,0,0,,,0.7107481414385892,0.8632454298697817
810,2.149013090097589,0,0,0,,,0.7036565505338616,0.42824270508668616
811,-0.4653298784488039,0,0,0,,,1.0190475078166237,-1.104619217444623
812,2.149013090097589,0,0,0,,,0.7909469387985684,-0.9994096145913732
813,-0.4653298784488039,0,0,0,,,-0.7444244567090512,0.07918760710581493
814,-0.4653298784488039,0,0,0,,,-0.1706816015157831,-0.6072194439116438
815,-0.4653298784488039,0,0,0,,,1.0703228099685682,0.16933674736071194
816,-0.4653298784488039,0,0,0,,,-0.09287325246976566,0.5301634194259092
817,-0.4653298784488039,0,0,0,,,-1.7985505146411938,-0.09486352158747043
818,-0.4653298784488039,0,0,0,,,0.5403586993482424,1.507768807524382
819,-0.4653298784488039,0,0,0,,,1.790427020116284,-1.0527094064762836
820,-0.4653298784488039,0,0,0,,,0.8306775020325587,-0.2544869765263971
821,-0.4653298784488039,0,0,0,,,0.03163772476995492,0.8827409290784944
822,-0.4653298784488039,0,0,0,,,-0.03128166075096431,0.9170264171091336
823,-0.4653298784488039,0,0,0,,,-1.058720193136082,-1.0369682961176527
824,-0.4653298784488039,0,0,0,,,1.6849208939976232,-0.8191923045393777
825,-0.4653298784488039,0,0,0,,,-1.4465038130395382,1.0699991332044427
826,-0.4653298784488039,0,0,0,,,0.8526400288321349,0.34064737601507106
827,2.149013090097589,0,0,0,,,0.2453312290742629,-1.5695763565099454
828,-0.4653298784488039,0,0,0,,,-0.5575889121283666,-0.8876616646385883
829,-0.4653298784488039,0,0,0,13.798055547025308,0.4923433435312626,0.4123934719214039,-1.98241506989734
830,-0.4653298784488039,0,0,0,,,1.0381097726278925,-1.7598370646542592
831,-0.4653298784488039,0,0,0,,,-0.886611876606506,1.1156275204103898
832,-0.4653298784488039,0,0,0,,,1.2719174543458627,-0.5633595968545555
833,2.149013090097589,0,0,0,,,-0.7440031317658148,-0.39124225635705273
834,-0.4653298784488039,0,0,0,,,-1.1260366944262592,-1.3548217596754375
835,2.149013090097589,0,0,0,,,0.7322842580352098,-0.22793085096460303
836,-0.4653298784488039,0,0,0,,,1.2864791188185645,0.23071937662112815
837,-0.4653298784488039,0,0,0,,,-1.2611222922288772,0.8954783401205704
838,-0.4653298784488039,0,0,0,,,0.5639667483647461,1.1190730849576436
839,-0.4653298784488039,0,0,0,,,0.8249521245894242,1.2188322409519277
840,-0.4653298784488039,0,0,0,,,0.3745371476153266,-1.9888418753275137
841,-0.4653298784488039,0,0,0,,,1.3008531682223183,-1.0507750299798517
842,-0.4653298784488039,0,0,0,,,1.2836178181641382,0.006466699759721797
843,2.149013090097589,0,0,0,12.91892203553721,0.4468078595813604,0.03648872859433334,-0.09094167731304867
844,-0.4653298784488039,0,0,0,15.57228862486992,0.2448695323584285,-0.8401101831651788,1.1550352537829023
845,-0.4653298784488039,0,0,0,10.841636016975333,0.1066147872955642,1.640073005818192,0.02646070862929332
846,-0.4653298784488039,0,0,0,16.31281669144046,0.4522586794492851,-0.6884710715282485,1.2887612752252868
847,-0.4653298784488039,0,0,0,,,1.3739657708058386,-1.5063792879600448
848,-0.4653298784488039,0,0,0,,,0.5356757894944465,1.1778518521457653
849,-0.4653298784488039,0,0,0,,,-0.08956794198728399,-0.8757745187015126
850,-0.4653298784488039,0,0,0,,,-1.8168584357202684,-0.21778545293735488
851,-0.4653298784488039,0,0,0,,,1.247256679736832,-0.4165919059112842
852,2.149013090097589,0,0,0,,,-0.28579689075246895,0.8899382953684425
853,-0.4653298784488039,0,0,0,,,-0.5962074926294351,0.9100158343388408
854,-0.4653298784488039,0,0,0,,,0.03737044232882422,-1.9658420771564993
855,-0.4653298784488039,0,0,0,,,-1.2794639356893558,0.29333477542115616
856,-0.4653298784488039,0,0,0,,,-1.234407383028475,0.8105157531092879
857,-0.4653298784488039,0,0,0,,,-1.5412445579081542,0.5536772874895467
858,2.149013090097589,0,0,0,,,-0.668446449987421,-0.8383288068151983
859,-0.4653298784488039,0,0,0,,,0.8037059760689115,0.8951725851006807
860,-0.4653298784488039,0,0,0,,,0.38095710962281226,-0.13708037621340932
861,-0.4653298784488039,0,0,0,,,-0.7571769703368262,-1.7097289070488015
862,-0.4653298784488039,0,0,0,,,1.9417011325387092,0.8368323187240951
863,-0.4653298784488039,0,0,0,,,-1.5684823872639115,0.9044608371095192
864,-0.4653298784488039,0,0,0,,,-1.1509860183872895,-0.899273149591709
865,-0.4653298784488039,0,0,0,,,1.0974376837840873,-0.46838975570978664
866,-0.4653298784488039,0,0,0,,,0.254855115084425,-2.2554308646631136
867,-0.4653298784488039,0,0,0,,,1.0084069334330512,-0.6891915343926457
868,-0.4653298784488039,0,0,0,,,0.089898941252792,0.9480310709890954
869,-0.4653298784488039,0,0,0,,,1.2284424829292055,-1.6204706636043842
870,-0.4653298784488039,0,0,0,,,-1.2388783537221246,-0.4740475985650249
871,2.149013090097589,0,0,0,,,-0.6797094700794012,0.8425073229127936
872,2.149013090097589,0,0,0,,,0.39193758729269196,-0.4762588536143799
873,-0.4653298784488039,0,0,0,,,0.40232846973196873,-0.31977751964550616
874,-0.4653298784488039,0,0,0,,,0.5237828319251793,1.0443337275192783
875,-0.4653298784488039,0,0,0,,,-1.7029415389377016,0.35440649914371997
876,-0.4653298784488039,0,0,0,,,0.2538898960076702,1.5123304232271508
877,-0.4653298784488039,0,0,0,,,0.6412756510315373,-1.1926421540652048
878,-0.4653298784488039,0,0,0,,,-0.21171940997444771,1.1425130572590698
879,2.149013090097589,0,0,0,,,0.9336789302167238,0.17426123657301054
880,-0.4653298784488039,0,0,0,,,0.34535514424724306,-2.450969523088575
881,-0.4653298784488039,0,0,0,,,1.2297745322917635,-1.372613354431197
882,-0.4653298784488039,0,0,0,,,-0.15049573997027058,1.4436130173983008
883,-0.4653298784488039,0,0,0,,,0.9770953354671353,0.8898467845650847
884,-0.4653298784488039,0,0,0,19.44570487920368,0.1164421120500408,1.843067046497827,0.46354247260898446
885,-0.4653298784488039,0,0,0,18.912375349397387,0.238970162968173,0.5084552652905978,-1.8748837400445433
886,-0.4653298784488039,0,0,0,18.785825797633912,0.2102616322528536,0.5709245855264389,0.9208784244662552
887,-0.4653298784488039,0,0,0,13.447516270069954,0.499867390296976,-1.322031484084331,0.48653958525865915
888,-0.4653298784488039,0,0,0,17.0310053204197,0.1903794952460252,-1.9116045493863256,0.2015734475697763
889,-0.4653298784488039,0,0,0,15.27337604734885,0.2117932131425877,0.11708630222756561,0.8752351145713805
890,-0.4653298784488039,0,0,0,,,0.07286000762150927,-0.15455707901484866
891,-0.4653298784488039,0,0,0,,,-0.6331367825860807,-1.106511003692292
892,2.149013090097589,0,0,0,,,0.40947969775717624,1.6750392556582248
893,-0.4653298784488039,0,0,0,,,-1.368592495697579,-0.5997482995131947
894,-0.4653298784488039,0,0,0,,,0.5061626517053857,1.7785834069424757
895,-0.4653298784488039,0,0,0,,,-0.8445773512182075,0.6912348630000846
896,-0.4653298784488039,0,0,0,,,0.09951892824137144,0.4050377415887041
897,2.149013090097589,0,0,0,16.593169555805694,0.2421894488576619,-0.4260870144193678,-1.3203604080950408
898,-0.4653298784488039,0,0,0,12.682906336751032,0.1324888169634722,0.085877541630063,-1.6502774618171885
899,2.149013090097589,0,0,0,16.077670794182872,0.3204248654962351,0.7273230102823355,0.5772375391404517
900,-0.4653298784488039,0,0,0,,,-1.4561867614997395,0.8261249523815154
901,-0.4653298784488039,0,0,0,,,0.6626023786444428,-1.485888088792763
902,2.149013090097589,0,0,0,,,-0.11776679838548705,0.13189091651499238
903,-0.4653298784488039,0,0,0,10.4815737001462,0.1280232306772906,0.691405140518742,0.9878993752677883
904,-0.4653298784488039,0,0,0,,,-0.28873900245046596,-1.3073868887596904
905,-0.4653298784488039,0,0,0,16.95500639424327,0.3450311779761092,0.667451301387917,-2.0986319491165313
906,2.149013090097589,0,0,0,,,0.9537059086099556,-0.26553183948703735
907,-0.4653298784488039,0,0,0,,,1.6888165757367604,-0.6982650230381496
908,-0.4653298784488039,0,0,0,,,-0.21404045604530475,-0.76446524040266
909,-0.4653298784488039,0,0,0,,,-1.1111392390467887,0.7762099743927685
910,-0.4653298784488039,0,0,0,,,-0.5750860699713407,-1.173407729202597
911,-0.4653298784488039,0,0,0,,,1.4717004748305855,0.6878513174291365
912,-0.4653298784488039,0,0,0,,,1.1946140367972669,-0.5441448410678407
913,-0.4653298784488039,0,0,0,,,0.40821214415801454,-1.4482928588069421
914,-0.4653298784488039,0,0,0,,,-0.1937058940418761,-0.9611249038145367
915,-0.4653298784488039,0,0,0,,,-0.5210895251037975,-0.8906281934278752
916,-0.4653298784488039,0,0,0,,,0.9830850639368074,0.7628043397445116
917,-0.4653298784488039,0,0,0,,,0.8542569512052453,-0.8387104459816652
918,2.149013090097589,0,0,0,,,-0.6742814811732113,-1.73283516272581
919,-0.4653298784488039,0,0,0,,,2.1067331038701593,0.8870323712994317
920,-0.4653298784488039,0,0,0,,,0.043717388367906874,1.5758310807393003
921,-0.4653298784488039,0,0,0,,,-0.9552829965136367,-1.2091573248591077
922,-0.4653298784488039,0,0,0,,,1.392709676098664,1.0826757573636012
923,-0.4653298784488039,0,0,0,,,1.1306711881197742,0.6631249466565067
924,-0.4653298784488039,0,0,0,,,-1.3735983093140847,-1.0232114708931719
925,-0.4653298784488039,0,0,0,,,1.0840681600034807,0.7953350422173083
926,-0.4653298784488039,0,0,0,,,1.5296671652178104,-0.2503517696589659
927,-0.4653298784488039,0,0,0,,,-1.7012552412287016,0.2407566067642279
928,-0.4653298784488039,0,0,0,,,1.5001996688435912,1.0460949826941517
929,2.149013090097589,0,0,0,,,-0.5094770188816179,-0.6963987689436039
930,-0.4653298784488039,0,0,0,,,-0.6737388492940298,-0.1167525407563527
931,-0.4653298784488039,0,0,0,,,0.07111731874354771,-1.4539117045085777
932,-0.4653298784488039,0,0,0,,,0.4683878533589589,1.123356896558598
933,-0.4653298784488039,0,0,0,,,-0.824498442919369,-0.08591624617742634
934,-0.4653298784488039,0,0,0,,,-0.9207965489927022,-1.1124533002459525
935,-0.4653298784488039,0,0,0,,,1.9089874396571909,0.2778347822562608
936,2.149013090097589,0,0,0,,,-0.02157229260602209,-0.09111671457292427
937,-0.4653298784488039,0,0,0,,,0.05685974791324538,-0.3103742147722721
938,-0.4653298784488039,0,0,0,,,-0.775936606905585,1.1246634855235882
939,-0.4653298784488039,0,0,0,,,-0.4666065032445992,-0.3346433422098693
940,-0.4653298784488039,0,0,0,,,1.2917957826282647,-0.46154392115269327
941,-0.4653298784488039,0,0,0,,,-0.4012573979133074,0.9764065790728493
942,-0.4653298784488039,0,0,0,,,-0.6732457330764513,1.241387595429087
943,-0.4653298784488039,0,0,0,,,1.397372106784649,-1.038763942497106
944,-0.4653298784488039,0,0,0,,,-0.19584449800690562,-0.25149302566638954
945,2.149013090097589,0,0,0,,,0.20960936207247258,-1.7854894048573375
946,-0.4653298784488039,0,0,0,,,1.2407392344731538,0.3511323358041073
947,-0.4653298784488039,0,0,0,,,-1.2695055742934214,1.150790993393778
948,-0.4653298784488039,0,0,0,,,1.2868748099403278,0.14408982866306685
949,-0.4653298784488039,0,0,0,,,-0.4152995115317503,0.11621661195914003
950,2.149013090097589,0,0,0,,,-0.9612790997654345,-0.5113444297362206
951,-0.4653298784488039,0,0,0,,,2.6026126599141746,0.5484343809379753
952,-0.4653298784488039,0,0,0,,,-0.32660397664962076,1.1800400181551598
953,-0.4653298784488039,0,0,0,,,1.601230136184483,0.5636655814620991
954,2.149013090097589,0,0,0,,,0.660751939454352,0.3943990592061214
955,-0.4653298784488039,0,0,0,,,-1.2697703222445296,-0.5722399142106832
956,-0.4653298784488039,0,0,0,,,-0.35696965890050986,-1.113284804517884
957,-0.4653298784488039,0,0,0,,,-1.2011534934256674,0.8631441318252724
958,-0.4653298784488039,0,0,0,,,1.2748867344552044,0.2808065674597401
959,-0.4653298784488039,0,0,0,,,-0.8081477589839882,0.9623237657121199
960,-0.4653298784488039,0,0,0,,,0.7392042440719805,-0.4516971366726242
961,-0.4653298784488039,0,0,0,,,0.2651799499278512,-1.9948247476192198
962,-0.4653298784488039,0,0,0,,,-1.612334064400734,-0.35118521767375155
963,-0.4653298784488039,0,0,0,,,-0.2379502038522261,-0.7317299246893231
964,-0.4653298784488039,0,0,0,,,0.5761165618498425,-2.160139644183187
965,-0.4653298784488039,0,0,0,,,0.35491130959622647,0.24841422100766547
966,-0.4653298784488039,0,0,0,,,0.5471004388435958,-1.8695214621926584
967,-0.4653298784488039,0,0,0,,,1.4270346533895621,1.008023034854219
968,-0.4653298784488039,0,0,0,,,0.8140589765066483,1.3776959167461005
969,-0.4653298784488039,0,0,0,,,-1.2621120302270339,0.20548572361370238
970,-0.4653298784488039,0,0,0,,,-0.5929588898169372,1.235488593514571
971,2.149013090097589,0,0,0,,,-0.3904627267082098,0.6843239979645334
972,-0.4653298784488039,0,0,0,,,0.574991613463412,1.4451210324882304
973,2.149013090097589,0,0,0,,,-0.15786821557729985,-1.6351342126451016
974,-0.4653298784488039,0,0,0,,,-1.021699935830968,-0.4827999012526255
975,-0.4653298784488039,0,0,0,,,0.7871525904949397,0.7366008475004399
976,2.149013090097589,0,0,0,,,0.8650751540016836,0.1744036381465991
977,-0.4653298784488039,0,0,0,,,-0.7365060197726636,-1.423634546458327
978,-0.4653298784488039,0,0,0,,,-0.5274276357076875,-1.1446162743028263
979,-0.4653298784488039,0,0,0,,,-0.5466652420538666,0.4032403431944244
980,-0.4653298784488039,0,0,0,,,-1.0057814272714278,1.0541536470853976
981,-0.4653298784488039,0,0,0,,,-0.17617695330212416,-1.02680866142947
982,-0.4653298784488039,0,0,0,,,-1.3101908103878328,-0.2864932811168423
983,-0.4653298784488039,0,0,0,,,-0.31780176331712107,-0.26784289197059025
984,-0.4653298784488039,0,0,0,,,0.4183131980935371,1.9176972560480428
985,-0.4653298784488039,0,0,0,,,1.496224766944101,-0.7407304885081204
986,-0.4653298784488039,0,0,0,,,1.0261493632983727,1.5896631733418445
987,-0.4653298784488039,0,0,0,,,-1.178259969949953,0.5786650930075689
988,-0.4653298784488039,0,0,0,,,0.6790906781907319,1.4250624474112588
989,-0.4653298784488039,0,0,0,,,0.9224893259516234,0.9802330569704675
990,-0.4653298784488039,0,0,0,,,0.7082144530585096,1.0262384321128772
991,-0.4653298784488039,0,0,0,,,-0.8663363850717246,-1.6727588255336232
992,-0.4653298784488039,0,0,0,,,1.8254747793210653,0.38590550403485374
993,-0.4653298784488039,0,0,0,,,-0.6230045494167619,1.520076762578118
994,-0.4653298784488039,0,0,0,,,0.3236011111506686,-0.6745292430963234
995,-0.4653298784488039,0,0,0,,,-1.7186798581764373,-0.7421174195956749
996,2.149013090097589,0,0,0,,,-0.2540248617909787,0.24618393317527373
997,-0.4653298784488039,0,0,0,,,-0.7953474859591433,1.1960328523724704
998,-0.4653298784488039,0,0,0,,,1.0139828967102689,0.8950430232380644
999,-0.4653298784488039,0,0,0,,,0.4240394216469985,1.5177094804114335
1000,2.149013090097589,0,0,0,,,-0.859923902909221,0.7989565224966013
1001,-0.4653298784488039,0,0,0,,,-1.0276801099956543,0.2314572415490796
1002,2.149013090097589,0,0,0,,,0.5805867890100592,-0.9952934071272199
1003,2.149013090097589,0,0,0,,,-0.18853144470193584,-1.8555342704688207
1004,-0.4653298784488039,0,0,0,,,0.8274803999908855,-1.8989256936792824
1005,-0.4653298784488039,0,0,0,,,-1.186643086774386,-0.24447252248801596
1006,2.149013090097589,0,0,0,,,0.8292619271512478,0.21377487272428547
1007,-0.4653298784488039,0,0,0,,,0.7468494308949923,0.934422379695649
1008,-0.4653298784488039,0,0,0,,,-0.22555742257514583,1.4153686295154444
1009,-0.4653298784488039,0,0,0,,,0.7333803865819213,-1.2279210159464609
1010,-0.4653298784488039,0,0,0,,,-0.8865241967235451,1.496493163035671
1011,-0.4653298784488039,0,0,0,12.992718776513607,0.1274098615846371,0.32983253359494524,-1.1630146338205376
1012,-0.4653298784488039,0,0,0,,,-0.9385456801509697,0.19660713121296575
1013,-0.4653298784488039,0,0,0,,,1.3435291641949973,0.7645347477086211
1014,-0.4653298784488039,0,0,0,,,1.8304665029703873,-0.9805831109133775
1015,-0.4653298784488039,0,0,0,,,0.9626533629954053,-0.7700270427191133
1016,-0.4653298784488039,0,0,0,,,-0.476016807090059,-0.8686200769684744
1017,-0.4653298784488039,0,0,0,,,-0.11328437039562658,-0.6119503947980585
1018,-0.4653298784488039,0,0,0,,,-1.2146704894714069,1.4871196664458024
1019,-0.4653298784488039,0,0,0,,,-0.09780876238085356,-1.2758171088849557
1020,-0.4653298784488039,0,0,0,,,0.8158439541761219,-0.16020597958049673
1021,-0.4653298784488039,0,0,0,,,2.0765348407443427,0.11688878520419564
1022,-0.4653298784488039,0,0,0,,,0.14717083148846763,0.8711261799511208
1023,-0.4653298784488039,0,0,0,,,1.6310541620721803,-0.8840884902404139
1024,-0.4653298784488039,0,0,0,,,-0.869681025807189,-0.3427439745004661
1025,-0.4653298784488039,0,0,0,,,-0.7818310700580672,1.599977419993454
1026,-0.4653298784488039,0,0,0,,,-1.51301951396466,0.5186822626966472
1027,-0.4653298784488039,0,0,0,,,-0.4957885996190804,1.3157606083911317
1028,2.149013090097589,0,0,0,,,-0.9876140437856322,0.5045552033208216
1029,-0.4653298784488039,0,0,0,,,1.3462246762074581,0.020013035937758335
1030,-0.4653298784488039,0,0,0,,,1.6346977205059499,0.20444355667128408
1031,-0.4653298784488039,0,0,0,,,-1.6788095125240898,0.8130922613316248
1032,-0.4653298784488039,0,0,0,,,-0.2877589781139044,-0.9387121447811707
1033,-0.4653298784488039,0,0,0,,,-1.3627441259383974,-0.012238445659628713
1034,-0.4653298784488039,0,0,0,,,0.5100429382655948,2.109293094400688
1035,-0.4653298784488039,0,0,0,,,1.0492165205402093,-0.16139554118735316
1036,-0.4653298784488039,0,0,0,,,0.08338078785082831,-1.4707120206450048
1037,-0.4653298784488039,0,0,0,,,-1.7921471190845002,-0.15779218912779272
1038,-0.4653298784488039,0,0,0,,,0.6294788597710923,1.7658983194651021
1039,-0.4653298784488039,0,0,0,,,0.5828724119438585,1.7541102276992115
1040,-0.4653298784488039,0,0,0,,,-1.895161658017175,0.2919988413521693
1041,-0.4653298784488039,0,0,0,,,-0.4628195181671007,-0.7136854570259705
1042,2.149013090097589,0,0,0,,,0.6883976688729043,0.3568957488200756
1043,-0.4653298784488039,0,0,0,,,2.059975586165445,-0.013595024458249111
1044,-0.4653298784488039,0,0,0,,,-0.17264203336961637,-0.8906894526273426
1045,2.149013090097589,0,0,0,,,0.9089534080461066,-0.4080097520037479
1046,-0.4653298784488039,0,0,0,,,0.5772383486463268,-1.892715338064916
1047,-0.4653298784488039,0,0,0,,,-0.3548046576708038,0.7131504961009301
1048,2.149013090097589,0,0,0,,,-0.579939131985879,-1.7354483784720998
1049,-0.4653298784488039,0,0,0,,,-0.8251142010630018,1.5246645186463195
1050,-0.4653298784488039,0,0,0,,,0.9453945015537518,1.654178628665004
1051,-0.4653298784488039,0,0,0,,,1.192940400227408,-1.2950892439142714
1052,-0.4653298784488039,0,0,0,,,-1.164764880833191,0.5207006916800948
1053,-0.4653298784488039,0,0,0,,,-1.9253470649696856,0.7264229237675776
1054,-0.4653298784488039,0,0,0,11.656355549063113,0.4457495699448506,-1.0359291137912048,1.4914248219379806
1055,-0.4653298784488039,0,0,0,13.322519401232874,0.4830903534709914,0.7632752599204344,-1.456280025637871
1056,-0.4653298784488039,0,0,0,,,2.081540810987513,0.36704038951763013
1057,-0.4653298784488039,0,0,0,,,-1.3244975955816847,0.3750782275271568
1058,-0.4653298784488039,0,0,0,,,-1.0463480824053615,1.2836799400704488
1059,2.149013090097589,0,0,0,,,-0.9375131094119408,-0.2994824403658082
1060,-0.4653298784488039,0,0,0,,,-0.4463527318572227,-0.9695169156810498
1061,-0.4653298784488039,0,0,0,,,-0.9966512031396983,1.3278544775709273
1062,2.149013090097589,0,0,0,,,0.14304262845224572,-0.17767376329620801
1063,-0.4653298784488039,0,0,0,11.654377455053304,0.2523356230180186,-0.9977707074355529,0.7540140174936382
1064,-0.4653298784488039,0,0,0,19.14637981002319,0.3418815701587166,0.4296337530601755,0.3394086798780963
1065,-0.4653298784488039,0,0,0,12.840250059202084,0.2611551921568,-1.513563535605431,-0.6428290829915021
1066,-0.4653298784488039,0,0,0,11.07607264840682,0.424184968508543,0.911996514839031,1.3116792488849711
1067,-0.4653298784488039,0,0,0,11.17001770232701,0.1396800001801041,1.349898612181214,0.27264057687891563
1068,-0.4653298784488039,0,0,0,17.55523598795747,0.4860163164097829,-0.26309303997104594,1.708314944127074
1069,2.149013090097589,0,0,0,,,0.8105217400433357,-0.008088434200012644
1070,-0.4653298784488039,0,0,0,,,0.17223719807035212,0.84342081093652
1071,-0.4653298784488039,0,0,0,,,-1.501836720786495,-0.11542918214191163
1072,-0.4653298784488039,0,0,0,,,0.11061005197317782,1.2436951503617584
1073,-0.4653298784488039,0,0,0,,,-1.7500499940207217,-0.31169684139113
1074,-0.4653298784488039,0,0,0,,,-0.0675994400130292,1.0591002170611876
1075,-0.4653298784488039,0,0,0,,,0.21946581817220517,-0.34967682449114923
1076,-0.4653298784488039,0,0,0,,,0.06065324954173089,1.0293006502492639
1077,-0.4653298784488039,0,0,0,,,-0.8528090593068309,-0.8348646121546603
1078,-0.4653298784488039,0,0,0,,,0.7132446914603868,-0.1432124230888729
1079,2.149013090097589,0,0,0,,,-0.27604975534211795,0.20115236123914576
1080,-0.4653298784488039,0,0,0,,,-0.009629738418166285,1.6035222777398415
1081,-0.4653298784488039,0,0,0,,,1.0307581136035842,0.8231115028830879
1082,-0.4653298784488039,0,0,0,,,-0.41408410458640443,-1.234470249530503
1083,-0.4653298784488039,0,0,0,,,-1.334158016913364,0.39905883425253413
1084,-0.4653298784488039,0,0,0,,,0.08645504458555428,0.7147442008529503
1085,-0.4653298784488039,0,0,0,,,-0.48257913398099145,-2.1405790535110554
1086,2.149013090097589,0,0,0,,,1.1315284356176614,0.41375608942052794
1087,-0.4653298784488039,0,0,0,,,0.09776153213058893,1.10068443877379
1088,-0.4653298784488039,0,0,0,,,0.6574953668502147,-0.8204975707081743
1089,-0.4653298784488039,0,0,0,,,-0.24069173801270227,-0.9906484799997783
1090,-0.4653298784488039,0,0,0,,,-1.2642027796862245,-0.7202961214969333
1091,-0.4653298784488039,0,0,0,,,0.11309345216432426,0.9884151970167898
1092,-0.4653298784488039,0,0,0,,,-0.1938989299811792,-0.5475043613282738
1093,2.149013090097589,0,0,0,,,-0.3219388382505579,0.03654181563833865
1094,-0.4653298784488039,0,0,0,,,0.8473039216490511,0.6140994023145251
1095,2.149013090097589,0,0,0,,,1.1955633806484087,0.19379648889180162
1096,2.149013090097589,0,0,0,,,-0.7915609711695614,0.037691196096042746
1097,-0.4653298784488039,0,0,0,,,1.0528525141712297,0.8358673822452061
1098,2.149013090097589,0,0,0,,,0.39875312298724347,-1.1323684948563657
1099,2.149013090097589,0,0,0,,,-0.7182777606186416,-0.35468896305317027
1100,-0.4653298784488039,0,0,0,,,1.4015308928755,0.4001930945948237
1101,2.149013090097589,0,0,0,,,0.1903898461452751,-1.2692021862588216
1102,-0.4653298784488039,0,0,0,,,-0.9005306918569789,0.1898225856083951
1103,-0.4653298784488039,0,0,0,,,-1.6789751136000153,0.7541645349260921
1104,-0.4653298784488039,0,0,0,,,-1.1143612645437633,0.6709117676800911
1105,-0.4653298784488039,0,0,0,,,0.9527012082389582,-0.3153445731960877
1106,-0.4653298784488039,0,0,0,,,1.8181255141289314,0.5743774728042644
1107,-0.4653298784488039,0,0,0,,,-0.5957692527908915,-1.1948658897114355
1108,-0.4653298784488039,0,0,0,,,1.232274648908087,1.0108493692536746
1109,-0.4653298784488039,0,0,0,,,-1.5215851462268883,-0.41185937404609807
1110,-0.4653298784488039,0,0,0,,,-1.155562228345847,-0.7862746121740177
1111,-0.4653298784488039,0,0,0,,,-1.8362076646484813,0.9545928829149621
1112,-0.4653298784488039,0,0,0,,,0.8428065159735555,1.0830725251312652
1113,2.149013090097589,0,0,0,,,0.3626960811990006,0.13948434901668555
1114,-0.4653298784488039,0,0,0,,,-1.0824823912039179,-1.3788999670384166
1115,-0.4653298784488039,0,0,0,,,-1.0152021232482296,-1.6947409395479673
1116,-0.4653298784488039,0,0,0,18.3889445819586,0.4478766547332073,-1.1242675745672333,-0.1997755625672184
1117,-0.4653298784488039,0,0,0,,,-1.411571085741389,0.9763172902593552
1118,2.149013090097589,0,0,0,,,0.5329376402773368,0.6514754226861927
1119,-0.4653298784488039,0,0,0,,,2.0428989056335145,0.037083845656639636
1120,-0.4653298784488039,0,0,0,,,-0.5807262348525499,0.8580093742673
1121,-0.4653298784488039,0,0,0,,,0.5995709331070478,1.0134327750264844
1122,-0.4653298784488039,0,0,0,,,0.07058581223693527,0.32237458243661465
1123,-0.4653298784488039,0,0,0,,,0.48166519692679766,1.199460409367117
1124,-0.4653298784488039,0,0,0,,,1.0871863308353449,-0.9778736991553847
1125,-0.4653298784488039,0,0,0,,,0.11576814070644492,-0.761592240518941
1126,-0.4653298784488039,0,0,0,,,-1.4832867200731903,0.6975614082040096
1127,-0.4653298784488039,0,0,0,,,1.4772016535744261,-1.3839208734737443
1128,-0.4653298784488039,0,0,0,,,0.8764924928879474,-0.6679006509658688
1129,-0.4653298784488039,0,0,0,,,0.579671243429651,-1.2446024240675757
1130,2.149013090097589,0,0,0,,,-0.5290684343982804,0.7553849230574166
1131,2.149013090097589,0,0,0,,,0.5999348908632743,-0.9876707797304461
1132,-0.4653298784488039,0,0,0,,,-1.6566386143355938,0.2886847789716642
1133,-0.4653298784488039,0,0,0,,,-0.0472386032315884,-0.896714679854594
1134,2.149013090097589,0,0,0,,,-0.8459168624771444,-0.7163987745678905
1135,-0.4653298784488039,0,0,0,,,0.6091150747276388,1.122914765522201
1136,-0.4653298784488039,0,0,0,,,0.8342177544103109,1.0589306414587702
1137,2.149013090097589,0,0,0,,,-0.06915315859268713,0.41607857975319573
1138,-0.4653298784488039,0,0,0,,,-0.9412224387443899,1.213584399354373
1139,2.149013090097589,0,0,0,,,0.3896142051107359,1.2382156977420755
1140,-0.4653298784488039,0,0,0,,,-0.9288189223042744,-1.1377810715687335
1141,-0.4653298784488039,0,0,0,,,0.9515816431312282,0.5084647460096496
1142,-0.4653298784488039,0,0,0,10.355370266715084,0.3131576247492181,-0.8318955125997309,-0.24894657399817974
1143,-0.4653298784488039,0,0,0,,,-1.1869534266561625,-1.610829224501281
1144,-0.4653298784488039,0,0,0,,,1.2983461969811454,-0.08593371720674267
1145,-0.4653298784488039,0,0,0,,,0.7862187965666703,-0.6162951134208948
1146,-0.4653298784488039,0,0,0,,,0.4458765526807883,-1.4831271710805078
1147,-0.4653298784488039,0,0,0,,,-1.224386060113851,0.29291802757894675
1148,-0.4653298784488039,0,0,0,,,0.020586568623433065,0.9789749372467149
1149,-0.4653298784488039,0,0,0,,,1.824594440568807,0.127503798098158
1150,-0.4653298784488039,0,0,0,,,-0.7499993902793047,-1.2582738535338156
1151,-0.4653298784488039,0,0,0,,,-0.10978367244012319,-2.2618316101139198
1152,2.149013090097589,0,0,0,,,0.16051189783738146,-1.140451231018667
1153,2.149013090097589,0,0,0,,,0.3820605916055067,-0.7296807451133176
1154,-0.4653298784488039,0,0,0,,,-0.8427347105235602,-0.12036864583810174
1155,-0.4653298784488039,0,0,0,,,-0.4192695545059165,1.3590706900580547
1156,-0.4653298784488039,0,0,0,,,-0.4467814138449901,1.7435364398641162
1157,-0.4653298784488039,0,0,0,,,-1.299330889719215,1.5987575790014519
1158,-0.4653298784488039,0,0,0,,,0.9225952054356711,-0.9961360897452866
1159,-0.4653298784488039,0,0,0,,,0.9513383095423212,1.4999620749991225
1160,-0.4653298784488039,0,0,0,11.214437698007467,0.3561031142378967,-1.8878726758912698,0.45052639480254236
1161,-0.4653298784488039,0,0,0,,,-0.1879860709382981,1.7381602756098975
1162,-0.4653298784488039,0,0,0,,,-0.8265314995279538,0.02491397615250806
1163,-0.4653298784488039,0,0,0,,,-1.3333016775457585,-0.3341009155428481
1164,2.149013090097589,0,0,0,,,0.5128778956423579,0.44265042790336734
1165,-0.4653298784488039,0,0,0,18.91008055063653,0.4220439191240112,-0.4505592106340768,0.947970626336736
1166,-0.4653298784488039,0,0,0,,,-0.9398563144923746,0.6148417761331595
1167,2.149013090097589,0,0,0,,,-0.5194610026301189,0.9535162524451526
1168,-0.4653298784488039,0,0,0,,,0.5400315416567846,-0.07369421930317366
1169,2.149013090097589,0,0,0,,,-0.7747743018280406,-0.6128166545998525
1170,-0.4653298784488039,0,0,0,,,0.21411023499760357,0.3054384374053968
1171,-0.4653298784488039,0,0,0,,,1.6950805417910735,0.7819285245723107
1172,-0.4653298784488039,0,0,0,15.15092234242717,0.2957244174539084,-1.3365780912636949,-0.9572880148122936
1173,-0.4653298784488039,0,0,0,19.24419011628661,0.2228332890662523,1.8529506672120846,0.06981474784751873
1174,-0.4653298784488039,0,0,0,,,-1.0903306905379129,-1.0511281967399277
1175,-0.4653298784488039,0,0,0,15.81242629710508,0.1717670961853541,-2.080509070629913,-0.02515718437367038
1176,2.149013090097589,0,0,0,,,0.9900443433252368,-0.9452998257562952
1177,-0.4653298784488039,0,0,0,,,-1.761749734674168,-0.2264152158883268
1178,2.149013090097589,0,0,0,,,-0.6342700243096857,-1.7088191791774794
1179,-0.4653298784488039,0,0,0,,,-0.27656645365501725,-0.7072600112928211
1180,-0.4653298784488039,0,0,0,,,1.002410325580754,0.7141777350376027
1181,-0.4653298784488039,0,0,0,,,-0.5602524949252806,1.5189023880574588
1182,-0.4653298784488039,0,0,0,,,-0.23457872777438024,-1.845620455823288
1183,-0.4653298784488039,0,0,0,,,-0.21089198687323457,1.4690750150353262
1184,-0.4653298784488039,0,0,0,,,-1.426598294914155,0.544240021281764
1185,-0.4653298784488039,0,0,0,,,1.7280213693962143,0.8370546269341074
1186,2.149013090097589,0,0,0,,,-0.018708090741908708,1.0810232968940496
1187,2.149013090097589,0,0,0,,,0.9306591433973447,0.2597154808700281
1188,-0.4653298784488039,0,0,0,,,-1.031889088884261,-0.05326710626293616
1189,-0.4653298784488039,0,0,0,,,-1.8932619299548665,0.3825982103688101
1190,2.149013090097589,0,0,0,,,1.0447296659918102,0.248726667436889
1191,-0.4653298784488039,0,0,0,,,1.6434186095181753,0.90016304664289
1192,-0.4653298784488039,0,0,0,,,1.8426904019974595,-0.08858002206531977
1193,-0.4653298784488039,0,0,0,,,0.9840803531209634,-0.46433740196434364
1194,-0.4653298784488039,0,0,0,,,1.1596676436461286,-1.3352518846416062
1195,2.149013090097589,0,0,0,,,0.510005333667246,-0.32570827419675247
1196,-0.4653298784488039,0,0,0,,,0.7566590217644252,1.0169615874254627
1197,-0.4653298784488039,0,0,0,,,-0.2950103969357991,-0.5998301477389422
1198,-0.4653298784488039,0,0,0,,,-1.363215346523322,1.0394274463670117
1199,-0.4653298784488039,0,0,0,,,-0.9452751586166881,1.440453932398037
1200,-0.4653298784488039,0,0,0,,,-0.36324619512718004,1.0899630869635266
1201,-0.4653298784488039,0,0,0,,,0.12161189237164587,1.5912771052244017
1202,2.149013090097589,0,0,0,,,0.26410340578598546,-1.4865839471247864
1203,-0.4653298784488039,0,0,0,,,-0.23774878840990227,-1.561269746211441
1204,-0.4653298784488039,0,0,0,,,-0.6753175788754973,0.43940768738170455
1205,-0.4653298784488039,0,0,0,,,0.499846076428495,-0.3706853205956065
1206,2.149013090097589,0,0,0,,,-0.16726159753000783,1.154078176459151
1207,2.149013090097589,0,0,0,,,-0.2163656226855348,-0.41058737441638904
1208,-0.4653298784488039,0,0,0,,,-1.3635518213911058,-1.4950122398317913
1209,-0.4653298784488039,0,0,0,,,0.9295581539484524,1.084161554667537
1210,-0.4653298784488039,0,0,0,,,0.968371530324662,1.2244671582329563
1211,-0.4653298784488039,0,0,0,,,0.28976946000069537,-2.222313470001462
1212,-0.4653298784488039,0,0,0,,,1.2118092929396107,-0.6152501437054512
1213,-0.4653298784488039,0,0,0,,,-1.6429808382649187,0.09941697030159072
1214,-0.4653298784488039,0,0,0,,,-0.2681342258911529,-1.243427827437717
1215,-0.4653298784488039,0,0,0,,,-0.33635177349109713,-1.5930587495909567
1216,-0.4653298784488039,0,0,0,,,0.03600033001958741,-0.6829694716904212
1217,-0.4653298784488039,0,0,0,,,-1.0458008904670617,-0.6265811649328997
1218,2.149013090097589,0,0,0,,,0.5511083223994488,-0.2727025238707342
1219,-0.4653298784488039,0,0,0,,,-0.7580754083568526,1.2110930016834738
1220,-0.4653298784488039,0,0,0,,,-0.15694425131759313,0.1375749943292533
1221,2.149013090097589,0,0,0,,,-0.0418751280530868,0.10710903398813319
1222,-0.4653298784488039,0,0,0,,,0.9064481293393741,1.2476220847325534
1223,-0.4653298784488039,0,0,0,,,0.20563307665574923,-2.0431858394227467
1224,-0.4653298784488039,0,0,0,,,1.349779494394336,1.1101189513803131
1225,-0.4653298784488039,0,0,0,,,-1.2463461753366107,-1.096281036548792
1226,-0.4653298784488039,0,0,0,,,-0.9878908775164658,-1.4649085099468875
1227,2.149013090097589,0,0,0,,,0.38150607782955126,-1.1314458213954468
1228,2.149013090097589,0,0,0,,,-0.5243632608870209,0.4944520732058331
1229,2.149013090097589,0,0,0,,,-0.5469866121523751,-1.7569594219558973
1230,-0.4653298784488039,0,0,0,,,0.3517153079733653,-0.7809558247328605
1231,-0.4653298784488039,0,0,0,,,-1.5872414803069224,-1.5704853520335773
1232,-0.4653298784488039,0,0,0,,,-0.6573280416176515,0.47470330077889283
1233,-0.4653298784488039,0,0,0,,,0.4871580296486654,-0.6179604390411612
1234,-0.4653298784488039,0,0,0,,,0.6126365315918555,1.5146931908870425
1235,-0.4653298784488039,0,0,0,,,-1.066026108607956,-0.376377596890679
1236,-0.4653298784488039,0,0,0,,,-0.41215839738028637,0.1829855293645857
1237,-0.4653298784488039,0,0,0,,,0.4540929867906221,-0.12163213794254125
1238,2.149013090097589,0,0,0,,,-0.45974023781606593,-0.5394632665387445
1239,-0.4653298784488039,0,0,0,,,0.01087511089396493,1.2959907638996981
1240,-0.4653298784488039,0,0,0,,,-1.5243648119278306,1.3552004791302674
1241,-0.4653298784488039,0,0,0,,,1.6068635579763493,0.14516974992643122
1242,-0.4653298784488039,0,0,0,,,-0.6347925850693678,1.2393935911865213
1243,-0.4653298784488039,0,0,0,,,-0.3923750831189418,0.6190891514559149
1244,-0.4653298784488039,0,0,0,,,-0.4408663558942737,-1.6954758230085076
1245,-0.4653298784488039,0,0,0,,,-0.34341084149571505,-0.8113804705446834
1246,-0.4653298784488039,0,0,0,,,1.411565080843595,-0.2581421047296522
1247,-0.4653298784488039,0,0,0,,,-0.012661153139621201,1.3217667592972955
1248,-0.4653298784488039,0,0,0,,,0.07596882269696421,0.8169472153679698
1249,-0.4653298784488039,0,0,0,17.732563873064038,0.3935888966450654,-2.014659051542649,-0.0627863422262541
1250,-0.4653298784488039,0,0,0,,,1.5413106788912205,0.5311948194946241
1251,-0.4653298784488039,0,0,0,,,1.1229496977844051,0.1286289650440679
1252,2.149013090097589,0,0,0,,,0.9817517313275779,-0.5061152580400592
1253,-0.4653298784488039,0,0,0,,,-0.049035806300209546,1.628229179222183
1254,-0.4653298784488039,0,0,0,,,0.7497231652559111,1.7319230009979212
1255,-0.4653298784488039,0,0,0,,,-0.5314196730632033,0.2579923442005405
1256,-0.4653298784488039,0,0,0,,,-0.9435227253730962,0.12466836465100256
1257,-0.4653298784488039,0,0,0,,,0.48777164040824994,-1.3310625368259508
1258,-0.4653298784488039,0,0,0,,,0.7074309320520906,1.071298448181191
1259,-0.4653298784488039,0,0,0,,,0.22608388562661724,0.04539363039488614
1260,-0.4653298784488039,0,0,0,,,-1.6264961737971178,0.8329837897104088
1261,2.149013090097589,0,0,0,,,1.1478320877490373,-0.683177566249702
1262,-0.4653298784488039,0,0,0,,,-0.9478995388718333,-0.9267361253057901
1263,-0.4653298784488039,0,0,0,,,-1.2719037220089662,0.38519139220336884
1264,-0.4653298784488039,0,0,0,,,0.642887746407127,-1.45852797303536
1265,-0.4653298784488039,0,0,0,,,0.1890066901437607,-2.2328760971838073
1266,2.149013090097589,0,0,0,,,-0.7585771105020763,0.5820812440540096
1267,-0.4653298784488039,0,0,0,,,1.5560763879941857,0.6726418777791454
1268,-0.4653298784488039,0,0,0,,,-0.8094763940013595,-1.1945710758759005
1269,-0.4653298784488039,0,0,0,,,-0.7098994225313242,1.7356589565274123
1270,-0.4653298784488039,0,0,0,,,0.49952816134193806,-1.27789619985891
1271,-0.4653298784488039,0,0,0,,,1.0406015569661038,0.7341229636672844
1272,-0.4653298784488039,0,0,0,14.226768943449557,0.3778259359469971,-1.4873364434701388,0.29053477016938933
1273,-0.4653298784488039,0,0,0,,,-0.7915170646660631,1.2618533617902816
1274,-0.4653298784488039,0,0,0,,,1.097372518007498,-1.4408918074309387
1275,-0.4653298784488039,0,0,0,18.254647512641256,0.3107860559566242,0.995128492019452,-1.5543624254337867
1276,-0.4653298784488039,0,0,0,,,1.5328054223721428,0.9610444512497381
1277,2.149013090097589,0,0,0,,,-0.8032097138327192,0.698914087574237
1278,-0.4653298784488039,0,0,0,,,1.3512885438902058,-0.2003035364323223
1279,-0.4653298784488039,0,0,0,,,-1.4130999093732735,-0.9513954464414299
1280,-0.4653298784488039,0,0,0,,,-1.0585209977665109,-0.27603793537125454
1281,-0.4653298784488039,0,0,0,,,1.8339997558793188,0.24387726430267492
1282,-0.4653298784488039,0,0,0,,,0.8967559872877646,0.3557703258042307
1283,-0.4653298784488039,0,0,0,,,0.5468163213688201,-1.7345883516185066
1284,-0.4653298784488039,0,0,0,,,1.685737859558643,-1.3654898345204307
1285,-0.4653298784488039,0,0,0,,,0.5038428995970183,0.8982354672935731
1286,-0.4653298784488039,0,0,0,,,2.4374925680803856,0.5146949980378995
1287,2.149013090097589,0,0,0,,,1.1238489132895928,-0.7181923382862848
1288,-0.4653298784488039,0,0,0,,,0.022536075033935725,-1.7176953392219272
1289,-0.4653298784488039,0,0,0,,,1.5639019183641973,0.3703780289058091
1290,-0.4653298784488039,0,0,0,,,-0.8112313488667868,0.135624695370812
1291,-0.4653298784488039,0,0,0,,,-0.9803650307825669,-1.0721414134042897
1292,2.149013090097589,0,0,0,,,-0.8191307720823213,1.0879920093338866
1293,2.149013090097589,0,0,0,,,-0.6890382441527014,0.746958141752808
1294,-0.4653298784488039,0,0,0,,,1.4040715376571666,0.4951679100279199
1295,-0.4653298784488039,0,0,0,,,-0.6692395204508201,-1.083888739558346
1296,2.149013090097589,0,0,0,,,0.5272323994253105,1.0901005905856211
1297,-0.4653298784488039,0,0,0,,,-1.137119835140314,-0.4003886889486823
1298,-0.4653298784488039,0,0,0,,,-0.6918506434458779,-0.059985302906168006
1299,-0.4653298784488039,0,0,0,,,-0.5358366859415093,0.8443256603630852
1300,2.149013090097589,0,0,0,,,-0.5397109622927474,-1.5373988436489796
1301,-0.4653298784488039,0,0,0,,,-1.95311119763558,0.6611596470702171
1302,-0.4653298784488039,0,0,0,,,-0.7759414061015981,1.8245040420910268
1303,-0.4653298784488039,0,0,0,,,0.4995847682863697,1.5251212883091898
1304,-0.4653298784488039,0,0,0,,,-0.5091590223360163,0.38023762005159334
1305,-0.4653298784488039,0,0,0,,,-0.3990017100644639,1.9163157125522046
1306,-0.4653298784488039,0,0,0,,,-1.925171480846226,0.339343451356964
1307,-0.4653298784488039,0,0,0,,,-0.0449559558906293,-0.9258446905107746
1308,-0.4653298784488039,0,0,0,,,-0.6975641072370176,1.0356302998764215
1309,2.149013090097589,0,0,0,,,0.39114714110646903,1.3408773140039607
1310,-0.4653298784488039,0,0,0,,,-0.31381035777126004,-0.20880705269765373
1311,-0.4653298784488039,0,0,0,,,0.5733076834481492,1.1467530211133412
1312,-0.4653298784488039,0,0,0,,,-1.0614280412830406,-0.21319169935740762
1313,-0.4653298784488039,0,0,0,,,1.6434673521033212,1.2157877326615416
1314,-0.4653298784488039,0,0,0,,,0.6463577317925134,0.5923655880047175
1315,-0.4653298784488039,0,0,0,,,1.2827834794693067,0.45955719217973806
1316,-0.4653298784488039,0,0,0,,,-1.4355586653120465,1.3535049064130824
1317,-0.4653298784488039,0,0,0,,,-1.771256771323389,-0.051289222278578774
1318,-0.4653298784488039,0,0,0,,,1.5031105772560365,-0.5780515290601029
1319,-0.4653298784488039,0,0,0,,,-1.225444103074168,1.1730864159541314
1320,-0.4653298784488039,0,0,0,,,-1.0643677084723,0.6425384882762372
1321,-0.4653298784488039,0,0,0,,,-0.007768156189311484,-1.6645947688133702
1322,2.149013090097589,0,0,0,,,-0.9390281117879398,0.9439177372827715
1323,-0.4653298784488039,0,0,0,,,0.07067098097853854,1.3549096458486158
1324,-0.4653298784488039,0,0,0,,,-1.1820488600426011,0.9005114335130043
1325,-0.4653298784488039,0,0,0,,,1.1071834550378492,1.7326337187628202
1326,2.149013090097589,0,0,0,,,1.2699680205613069,-0.647576343657806
1327,-0.4653298784488039,0,0,0,,,-0.544756621713893,1.8731115413575854
1328,-0.4653298784488039,0,0,0,,,-1.2122646471238387,0.8167810306983845
1329,-0.4653298784488039,0,0,0,,,0.44450176678438097,-0.4463118539696014
1330,-0.4653298784488039,0,0,0,,,-0.5241443880277599,0.040210311308388855
1331,-0.4653298784488039,0,0,0,,,-1.2703230159944812,1.4288963091017381
1332,-0.4653298784488039,0,0,0,,,2.2538421889986346,0.5847689873483948
1333,-0.4653298784488039,0,0,0,,,-0.2182234265765536,-0.9041056625677952
1334,-0.4653298784488039,0,0,0,,,1.479640698421483,-0.6651535515584215
1335,-0.4653298784488039,0,0,0,,,1.1228392544601085,0.09229967068077248
1336,2.149013090097589,0,0,0,,,0.18063423333043221,-0.7029074607151256
1337,-0.4653298784488039,0,0,0,,,0.0563113697511423,1.6702144980184792
1338,-0.4653298784488039,0,0,0,,,0.4432130881344173,0.06073207957459065
1339,-0.4653298784488039,0,0,0,,,-0.057239870967080726,0.7287819336341833
1340,-0.4653298784488039,0,0,0,,,-1.3322967983790612,0.15054625866469343
1341,2.149013090097589,0,0,0,,,0.8073233330409468,-0.22596437947764486
1342,-0.4653298784488039,0,0,0,,,0.5444658661510069,-0.41516319399891544
1343,-0.4653298784488039,0,0,0,,,1.2760471665395383,1.1906130639244075
1344,-0.4653298784488039,0,0,0,,,0.9183139768145668,1.6348440342261368
1345,-0.4653298784488039,0,0,0,,,0.5283734001699839,0.32813746607706723
1346,-0.4653298784488039,0,0,0,,,-0.16667390061520704,-0.7786377320426173
1347,-0.4653298784488039,0,0,0,,,-0.917969371943129,-0.9486823363258404
1348,2.149013090097589,0,0,0,,,0.4004254836844198,1.074540129705347
1349,2.149013090097589,0,0,0,,,0.6203468885374035,0.8198487442593061
1350,-0.4653298784488039,0,0,0,,,-0.797904300800469,-1.006606550659183
1351,2.149013090097589,0,0,0,,,0.9620096336483638,-0.6107332108419264
1352,-0.4653298784488039,0,0,0,,,-0.13704853173312528,0.0004058139181536807
1353,-0.4653298784488039,0,0,0,,,-1.6289212155488582,0.2929028411089372
