,0,1,2
0,0.0,0.0048460835111246575,0.003406759852162017
1,0.0,0.08960682718683327,0.09589505761333184
2,0.0,0.0164279183175861,0.02398103138253979
3,0.0,0.017546303409815087,0.04153420945476036
4,0.0,0.02663947949753275,0.06425571118502209
5,0.0,0.0036269430051813468,0.0021800937620490724
6,0.0,0.0033221578786955196,0.0031044535171578782
7,0.0,0.003017372752209692,0.002244043179069178
8,0.0,0.0027125876257238645,0.002587044597631565
9,0.0,0.005150868637610485,0.0021219579283944297
10,0.0,0.018256629076501066,0.027405231984798203
11,0.0,0.005725174495782127,0.012048291178848166
12,0.0,0.059374913413316334,0.10675012281795437
13,0.0,0.04846310210805514,0.12929817797012252
14,0.0,0.09483830015541521,0.15097900023182267
15,0.0,0.006634492104553892,0.014649989850252185
16,0.0,0.05028173732559867,0.12357444089303367
17,0.0,0.015544041450777202,0.01072024772591597
18,0.0,0.26327339225845775,0.21798030828807988
19,0.0,0.11667174641877476,0.12152714667166348
20,0.0,0.20905211825662906,0.207975131316116
21,0.0,0.20444986284669306,0.21472470160341994
22,0.0,0.03319110027430661,0.037532494207436824
23,0.0,0.06946053032612008,0.050659565446654974
24,0.0,0.024992380371837854,0.017062867177637407
25,0.0,0.1066747942700396,0.10048197488868309
26,0.0,0.0005486132276744896,0.00031974708510053036
27,0.0,0.0042060347455044195,0.0031044535171578782
28,0.0,0.16031697653154525,0.1854765636917696
29,0.0,0.17159402621152087,0.16989616027232557
30,0.0,0.007619628162145686,0.0009592412553015917
31,0.0,0.01277049679975617,0.007179775456348277
32,0.0,0.0042060347455044195,0.003168402934177985
33,0.0,0.005150868637610485,0.00230217901272382
34,0.0,0.005150868637610485,0.00392416877168833
35,0.0,0.07832977750685766,0.07827408643260987
36,0.0,0.09231941481255714,0.06676900495235624
37,0.0,0.0042060347455044195,0.002348687679647534
38,0.0,0.0042060347455044195,0.0024707729303222814
39,0.0,0.030143249009448335,0.02345199529628255
40,0.0,0.09658640658335872,0.10729549459300713
41,0.0,0.021578786955196584,0.018458127185348814
42,0.0,0.08960682718683327,0.07346043940600552
43,0.0,0.017372752209692165,0.018574398852658096
44,0.0,0.006674794270039622,0.005953109366235333
45,0.0,0.18890582139591586,0.2101377843280687
46,0.0,0.055470893020420596,0.06822240079372228
47,0.0,0.04230417555623285,0.06357153410135094
48,0.0,0.04538250533373971,0.04351467149049948
49,0.0,0.18192624199939042,0.19147036814156318
50,0.0,0.05333739713501981,0.057880035986561496
51,0.0,0.02191405059433099,0.016946595510328122
52,0.0,0.021578786955196584,0.017231461095235868
53,0.0,0.16001219140505943,0.10967325018948199
54,0.0,0.27549527583053945,0.30786412070152175
55,0.0,0.12279792746113988,0.08781417673533662
56,0.0,0.016123133191100272,0.02189395495433815
57,0.0,0.016123133191100272,0.02054520361355046
58,0.0,0.0319719597683633,0.04414835207733508
59,0.0,0.03349588540079244,0.043921622326081974
60,0.0,0.030783297775068573,0.043921622326081974
61,0.0,0.018256629076501066,0.017580276097163717
62,0.0,0.020085339835416032,0.014324669412503769
63,0.0,0.05818348064614446,0.07141405806136214
64,0.0,0.03468454739408717,0.04089274539267513
65,0.0,0.041115513562938126,0.04961312044087141
66,0.0,0.04206034745504419,0.04857248901845333
67,0.0,0.039926851569643394,0.04840389510085487
68,0.0,0.008808290155440414,0.0035753537697604783
69,0.0,0.009753124047546477,0.005784515448636872
70,0.0,0.008808290155440414,0.006313551534894113
71,0.0,0.02800975312404754,0.019213893022859155
72,0.0,0.0014934471197805546,0.0026509940146516716
73,0.0,0.005150868637610485,0.006075194616910081
74,0.0,0.009448338921060652,0.013627039408648067
75,0.0,0.14485076863786236,0.3653589707555136
76,0.0,0.02706491923194148,0.02625414247843629
77,0.0,0.02618104236513258,0.027754046986726056
78,0.0,0.055470893020420596,0.050025884859819375
79,0.0,0.308107284364523,0.24524601427210696
80,0.0,0.05300969015191397,0.13797050687480258
81,0.0,0.04846310210805514,0.13588914793767937
82,0.0,0.1548532623343518,0.36796066942691763
83,0.0,0.1575812151606671,0.3603290199907992
84,0.0,0.07756126558875166,0.24741529765186485
85,0.0,0.07847058319752342,0.24238534688715044
86,0.0,0.1139339699396223,0.24984354974517528
87,0.0,0.11029669950453523,0.26059723758697856
88,0.0,0.13939486298523177,0.3284148496215766
89,0.0,0.143828101188662,0.2060624623888783
90,0.0,0.18223102712587624,0.2770405016978306
91,0.0,0.24437671441633646,0.195074789828151
92,0.0,0.0,9.301733384742706e-05
93,0.0,0.013075281926241997,0.012475949902286156
94,0.0,0.019750076196281618,0.02375430163128669
95,0.0,0.020085339835416032,0.02322526554502945
96,0.0,0.021578786955196584,0.023922895548885152
97,0.0,0.017372752209692165,0.025905327476508443
98,0.0,0.02953367875647668,0.028405168323658046
99,0.0,0.06397439804937519,0.07462315607909836
100,0.0,0.0651630600426699,0.07298953915340294
101,0.0,0.006979579396525449,0.004389255440925465
102,0.0,0.007619628162145686,0.004040440438997614
103,0.0,0.05912831453825052,0.07100710722577964
104,0.0,0.01277049679975617,0.01090046881024536
105,0.0,0.01365437366656507,0.007179775456348277
106,0.0,0.03809814081072844,0.08060533336216102
107,0.0,0.03715330691862237,0.07456502024544373
108,0.0,0.011825662907650105,0.012760815487193902
109,0.0,0.02800975312404754,0.027934268071055444
110,0.0,0.006034745504419384,0.0029358595995594167
111,0.0,0.0011886619932947272,0.00031974708510053036
112,0.0,0.0008838768668088996,0.0001976618344257824
113,0.0,0.005150868637610485,0.004150898522941433
114,0.0,0.05150868637610484,0.04432857316166446
115,0.0,0.08015848826577261,0.06723409162159338
116,0.0,0.04230417555623285,0.06048452133428945
117,0.0,0.042608960682718675,0.05827535965541306
118,0.0,0.011181080148412723,0.03563702579957792
119,0.0,0.023002209062445683,0.053155130187031635
120,0.0,0.14260896068271867,0.18373830226549578
121,0.0,0.0408107284364523,0.04351467149049948
122,0.0,0.17214263943919536,0.16042001938661893
123,0.0,0.13373971350198108,0.19124363839031008
124,0.0,0.32121304480341356,0.25739058992256164
125,0.0,0.5976531545260592,0.44860516039604437
126,0.0,0.3519963425784821,0.27175595441862366
127,0.0,0.013959158793050897,0.013690988825668172
128,0.0,0.01365437366656507,0.012586407986229975
129,0.0,0.37637915269734834,0.3886031664810885
130,0.0,0.401676318195672,0.3257583303004205
131,0.0,0.007284364523011276,0.008813392382043714
132,0.0,0.007619628162145686,0.008569221880694217
133,0.0,0.005790917403230723,0.0011975981732856237
134,0.0,0.031362389515391643,0.02885862782616425
135,0.0,0.06397439804937519,0.052990812376206106
136,0.0,0.003962206644315756,0.002819587932250134
137,0.0,0.005150868637610485,0.00363348960341512
138,0.0,0.09747028345016762,0.08054719752850638
139,0.0,0.2209692167022249,0.19163896205916164
140,0.0,0.20231636696129227,0.180947782250073
141,0.0,0.05119105493437044,0.11472866541026001
142,0.0,0.05119105493437044,0.13033885743868412
143,0.0,0.034823337976478644,0.10414842414655034
144,0.0,0.1403041805940035,0.30933572603128046
145,0.0,0.032095385150163344,0.08298794161913102
146,0.0,0.017067967083206338,0.02345199529628255
147,0.0,0.0164279183175861,0.023922895548885152
148,0.0,0.09381286193233769,0.1182250313200798
149,0.0,0.0353245961597074,0.09722636820402314
150,0.0,0.05665955501371532,0.08066346919581566
151,0.0,0.16546784516915572,0.2361768242219828
152,0.0,0.06458396830234683,0.09415098260369259
153,0.0,0.07491618409021639,0.08891875757477481
154,0.0,0.0042060347455044195,0.006011245199889975
155,0.0,0.007284364523011276,0.008284356295786473
156,0.0,0.0042060347455044195,0.0054357004467090195
157,0.0,0.013410545565376407,0.017580276097163717
158,0.0,0.0042060347455044195,0.006011245199889975
159,0.0,0.006339530630905211,0.00694723212172971
160,0.0,0.005455653764096312,0.007935541293858622
161,0.0,0.04355379457482474,0.04677027817515943
162,0.0,0.020390124961901856,0.027934268071055444
163,0.0,0.032095385150163344,0.07778454427632298
164,0.0,0.032095385150163344,0.07743765112013577
165,0.0,0.059374913413316334,0.1717925896030548
166,0.0,0.057556278195772796,0.1750880745868332
167,0.0,0.0023773239865894544,0.001424327924538727
168,0.0,0.0011886619932947272,0.0015929218421371885
169,0.0,0.0005486132276744896,0.000848783171357772
170,0.0,0.07650106674794269,0.11182427603470374
171,0.0,0.2873818957634867,0.37198213163922633
172,0.0,0.017372752209692165,0.01532460575136361
173,0.0,0.02587625723864675,0.02136491886808091
174,0.0,0.1357575925501447,0.3084684931408124
175,0.0,0.1330296397238294,0.31453912337408846
176,0.0,0.04538250533373971,0.06455984327347984
177,0.0,0.044437671441633644,0.06584464519724743
178,0.0,0.05239256324291374,0.058984616825999696
179,0.0,0.04992380371837854,0.06897816663123263
180,0.0,0.020390124961901856,0.0016510576757918303
181,0.0,0.01277049679975617,0.00694723212172971
182,0.0,0.06150563852483998,0.0919418209248162
183,0.0,0.41051508686376104,0.328031441396317
184,0.0,0.024352331606217616,0.024329846384467644
185,0.0,0.023742761353245958,0.024800746637070242
186,0.0,0.032612008533983536,0.050490971529056516
187,0.0,0.03319110027430661,0.03978816455323693
188,0.0,0.025236208473026513,0.030085293916277192
189,0.0,0.01795184395001524,0.014853705498761008
190,0.0,0.1275737340711988,0.3249459180597046
191,0.0,0.10938738189576347,0.24637461818330325
192,0.0,0.05150868637610484,0.040485794557092634
193,0.0,0.16546784516915572,0.1372877711754369
194,0.0,0.02285888448643706,0.0240449807995599
195,0.0,0.12554099359951235,0.18966815729826927
196,0.0,0.07982322462663821,0.06584464519724743
197,0.0,0.07890886924718073,0.06281576826384058
198,0.0,0.07220359646449252,0.05229318237235041
199,0.0,0.01578786955196586,0.012005049649683555
200,0.0,0.09841511734227368,0.10338876657141519
201,0.0,0.06846808950103399,0.12201342169019126
202,0.0,0.019201462968607128,0.018806942187276663
203,0.0,0.036513258153002125,0.04607264817130372
204,0.0,0.07342273697043585,0.08252381587276421
205,0.0,0.053919007760685735,0.1443880302642658
206,0.0,0.05300969015191397,0.14733662209185705
207,0.0,0.07847058319752342,0.22920340695203675
208,0.0,0.06574013667471869,0.27551364330302824
209,0.0,0.04903992685156963,0.01072024772591597
210,0.0,0.04992380371837854,0.010493517974662865
211,0.0,0.10268210911307527,0.11321372245904966
212,0.0,0.07220359646449252,0.09933088538232118
213,0.0,0.00911307528192624,0.005377564613054378
214,0.0,0.054221274001828704,0.08031465419388781
215,0.0,0.06397439804937519,0.07135592222770748
216,0.0,0.018561414202986893,0.022760178875792313
217,0.0,0.2958854007924413,0.20263244820325443
218,0.0,0.306278573605608,0.17652945889232022
219,0.0,0.037551290802793943,0.10692356939604795
220,0.0,0.032095385150163344,0.12409478062731448
221,0.0,0.04755378449928337,0.13415468215674334
222,0.0,0.09847557059050228,0.2989289313456644
223,0.0,0.06392150145717516,0.19728923658281414
224,0.0,0.14212281581154707,0.32563970437207895
225,0.0,0.02845811471507628,0.06546983723167729
226,0.0,0.036641973194022175,0.1114331804264816
227,0.0,0.03573265558525041,0.112994199629324
228,0.0,0.04846310210805514,0.13120609032915215
229,0.0,0.09665693537295875,0.27672776934968346
230,0.0,0.06301218384840339,0.2009316147227798
231,0.0,0.14485076863786236,0.3187018412483349
232,0.0,0.02845811471507628,0.0640822646069285
233,0.0,0.06397439804937519,0.06903630246488728
234,0.0,0.0008838768668088996,0.0010173770889562335
235,0.0,0.10755867113684851,0.1421769947857923
236,0.0,0.2050899116123133,0.23983938174222527
237,0.0,0.058793050899116114,0.08223895028785645
238,0.0,0.0048460835111246575,0.0013661920908840852
239,0.0,0.010637000914355377,0.004499713524869285
240,0.0,0.07768972874123743,0.0986797640453892
241,0.0,0.02252362084730265,0.02206254887193661
242,0.0,0.022218835720816822,0.022469499707519103
243,0.0,0.11825662907650106,0.138165622263622
244,0.0,0.0752514477293508,0.11055110127766707
245,0.0,0.006979579396525449,0.005604294364307482
246,0.0,0.17667688494487416,0.5060241455894241
247,0.0,0.13757622776768821,0.26371927599266337
248,0.0,0.13484827494137291,0.269096119913565
249,0.0,0.2294173062536366,0.4775789067820735
250,0.0,0.23851048234135427,0.4581528900355902
251,0.0,0.06937740710980576,0.15843720308984752
252,0.0,0.10120352341681758,0.29459276689332436
253,0.0,0.06824138982017676,0.06287390409749523
254,0.0,0.1374580920451082,0.16768699859344918
255,0.0,0.06278573605608045,0.1756516078041351
256,0.0,0.1608960682718683,0.18821476145690325
257,0.0,0.15571472112160925,0.2424613078400496
258,0.0,0.04388905821395915,0.06025779158303635
259,0.0,0.014599207558671135,0.013929345743652203
260,0.0,0.016123133191100272,0.01805117634976632
261,0.0,0.06912526668698567,0.1013598259768682
262,0.0,0.22794879609875035,0.2519374487257562
263,0.0,0.04142029868942395,0.11491128880176521
264,0.0,0.037762877171594024,0.10774895409551333
265,0.0,0.010941786040841206,0.006604230703167322
266,0.0,0.005150868637610485,0.007359996540677667
267,0.0,0.06491923194148125,0.07677418192432012
268,0.0,0.023407497714111547,0.03182355534255099
269,0.0,0.0020879040606950608,0.006151107523665729
270,0.0,0.07119604232734929,0.1547948249498819
271,0.0,0.07210535993612106,0.15132589338800986
272,0.0,0.30307203256414966,0.587370590715323
273,0.0,0.056646960587001034,0.13571570135958577
274,0.0,0.053919007760685735,0.14490836999854664
275,0.0,0.0027125876257238645,0.006133330450564723
276,0.0,0.003017372752209692,0.005208970695455916
277,0.0,0.0023773239865894544,0.006133330450564723
278,0.0,0.08896677842121303,0.1408921928620247
279,0.0,0.04324900944833892,0.0636936193520257
280,0.0,0.05516610789393477,0.061937917175655506
281,0.0,0.04809509295946358,0.060199655749381714
282,0.0,0.04324900944833892,0.11276026295654347
283,0.0,0.40472416946053025,0.5541216984792194
284,0.0,0.2916793660469369,0.42884479053683155
285,0.0,0.06301218384840339,0.11524900514454081
286,0.0,0.06483081906594693,0.112994199629324
287,0.0,0.057299603779335566,0.05490929488680929
288,0.0,0.05150868637610484,0.06798985745910373
289,0.0,0.006979579396525449,0.00973775213715252
290,0.0,0.012465711673270343,0.011720184064775811
291,0.0,0.011581834806461444,0.012993358821812469
292,0.0,0.10176775373361778,0.09769726845662574
293,0.0,0.1676318195672051,0.17926765665745384
294,0.0,0.0023773239865894544,0.0003778829187551726
295,0.0,0.04027924362910924,0.12340099431494007
296,0.0,0.03936992602033748,0.11420832567597922
297,0.0,0.09301966493787168,0.2618113636336337
298,0.0,0.09120102972032815,0.2670147609764418
299,0.0,0.04027924362910924,0.10432187072464395
300,0.0,0.03573265558525041,0.08576308686862863
301,0.0,0.05205729960377933,0.07659396083999072
302,0.0,0.07982322462663821,0.0854306075554963
303,0.0,0.07071014934471197,0.10909770543630101
304,0.0,0.055470893020420596,0.07810549251501142
305,0.0,0.036513258153002125,0.05403725738198967
306,0.0,0.06857665345931117,0.06578069578022733
307,0.0,0.32794879609875033,0.33460079059929154
308,0.0,0.07586101798232245,0.07978561810763057
309,0.0,0.030143249009448335,0.04148573089595248
310,0.0,0.01795184395001524,0.02159164861933401
311,0.0,0.13008229198415117,0.11124873128152278
312,0.0,0.023742761353245958,0.024451931635142393
313,0.0,0.24620542517525143,0.20344634987441942
314,0.0,0.018561414202986893,0.02555651247458059
315,0.0,0.019201462968607128,0.0253762913902512
316,0.0,0.03410545565376409,0.03264327059708144
317,0.0,0.03626943005181347,0.030143429749931838
318,0.0,0.12676013410545564,0.17419821196276908
319,0.0,0.09811033221578785,0.13914811785238546
320,0.0,0.09594635781773848,0.14182817978386444
321,0.0,0.006034745504419384,0.003982304605342972
322,0.0,0.008168241389820176,0.004389255440925465
323,0.0,0.10603474550441937,0.12799185137405966
324,0.0,0.09475769582444377,0.13002079196860666
325,0.0,0.024687595245352023,0.008284356295786473
326,0.0,0.06333434928375495,0.06095542158689206
327,0.0,0.06763181956720511,0.055606924890665
328,0.0,0.0508686376104846,0.07043156247259867
329,0.0,0.0027125876257238645,0.0032846746014872684
330,0.0,0.0027125876257238645,0.002819587932250134
331,0.0,0.16635172203596463,0.12623614919768947
332,0.0,0.10088387686680889,0.09792399820787885
333,0.0,0.013959158793050897,0.006255415701239471
334,0.0,0.09847557059050228,0.2814108269582107
335,0.0,0.002997221669466827,0.00979348566363135
336,0.0,0.1608960682718683,0.1414793647819366
337,0.0,0.14135934166412678,0.12629428503134413
338,0.0,0.04992380371837854,0.05950202574552601
339,0.0,0.21152087778116424,0.31011979104732185
340,0.0,0.010332215787869551,0.015609471336271356
341,0.0,0.010941786040841206,0.01630710134012706
342,0.0,0.043007196455424536,0.11039250095791998
343,0.0,0.045735149281739836,0.1133410927855112
344,0.0,0.04118856123788101,0.12530890667396968
345,0.0,0.053919007760685735,0.14941798102898024
346,0.0,0.061193548630859865,0.1854948692724493
347,0.0,0.059374913413316334,0.1889638008343213
348,0.0,0.030143249009448335,0.028509812824236404
349,0.0,0.11825662907650106,0.14054337786009685
350,0.0,0.08348064614446814,0.09456374702264055
351,0.0,0.1785736056080463,0.2725756696731541
352,0.0,0.0005486132276744896,0.0001395260007711406
353,0.0,0.03928680280402316,0.030143429749931838
354,0.0,0.616786607590409,0.810422890143694
355,0.0,0.12484578124488349,0.25313903472895366
356,0.0,0.10697957939652544,0.09909252846433715
357,0.0,0.4028954587016153,0.402096493472331
358,0.0,0.10999695214873513,0.10019710930377536
359,0.0,0.07768972874123743,0.09548810677774934
360,0.0,0.4257543431880524,0.32610714530234836
361,0.0,0.10390124961901859,0.10066219597301249
362,0.0,0.09110027430661383,0.08844785732217221
363,0.0,0.2605608046327339,0.19124363839031008
364,0.0,0.10118866199329471,0.09705777428642468
365,0.0,0.0005486132276744896,0.0001395260007711406
366,0.0,0.02587625723864675,0.040375336473148817
367,0.0,0.009362444930869192,0.016211009053094593
368,0.0,0.006034745504419384,0.004738070442853317
369,0.0,0.006034745504419384,0.0048601556935280645
370,0.0,0.007619628162145686,0.004738070442853317
371,0.0,0.007619628162145686,0.004557849358523927
372,0.0,0.008168241389820176,0.005086885444781169
373,0.0,0.008168241389820176,0.004970613777471884
374,0.0,0.04785126485827491,0.07030947722192393
375,0.0,0.007619628162145686,0.009917973221481911
376,0.0,0.056049984760743674,0.06113564267122144
377,0.0,0.00026926884315152855,0.0023352828056065044
378,0.0,0.004510819871990247,0.00044183233577527853
379,0.0,0.004510819871990247,0.000668562087028382
380,0.0,0.15967692776592501,0.21902675329386345
381,0.0,0.006339530630905211,0.002348687679647534
382,0.0,0.026485827491618406,0.02264972079184849
383,0.0,0.027704967997561718,0.02212068470559125
384,0.0,0.0874428527887839,0.07501847974794992
385,0.0,0.07857360560804633,0.0946683915232189
386,0.0,0.1118256629076501,0.1565307321151234
387,0.0,0.18832672965559277,0.28163904613991275
388,0.0,0.24382810118866197,0.3420479908904512
389,0.0,0.15111246571167325,0.17036706052492817
390,0.0,0.03468454739408717,0.029567884996750886
391,0.0,0.10938738189576347,0.10490611182980135
392,0.0,0.04571776897287412,0.061362372422474554
393,0.0,0.26391344102407804,0.2413567270006114
394,0.0,0.3401097226455349,0.346867451500421
395,0.0,0.09777506857665344,0.1467057762274889
396,0.0,0.06580310880829016,0.10752222434426022
397,0.0,0.057299603779335566,0.12623614919768947
398,0.0,0.2962206644315757,0.25448379823982953
399,0.0,0.10484608351112465,0.10432475349325492
400,0.0,0.14779030783297772,0.15972238938276323
401,0.0,0.019201462968607128,0.02189395495433815
402,0.0,0.0508686376104846,0.05043283569540186
403,0.0,0.05150868637610484,0.07653582500633609
404,0.0,0.008808290155440414,0.0019998726777196822
405,0.0,0.08165193538555317,0.06612951078215518
406,0.0,0.02706491923194148,0.038985890048802874
407,0.0,0.05205729960377933,0.06944325330046977
408,0.0,0.18649801889667783,0.1794362505750523
409,0.0,0.12676013410545564,0.1376947220110194
410,0.0,0.0718988113380067,0.10217954123139865
411,0.0,0.001828710758914965,0.002528908763976924
412,0.0,0.04809509295946358,0.0929301300969451
413,0.0,0.16150563852483996,0.1556063723600146
414,0.0,0.10938738189576347,0.16246058714789685
415,0.0,0.07461139896373056,0.058455580739742455
416,0.0,0.15873209387381892,0.15437970626990163
417,0.0,0.1554099359951234,0.15734463378628838
418,0.0,0.10755867113684851,0.09734845345469789
419,0.0,0.04172508381590978,0.04339258623982473
420,0.0,0.004510819871990247,0.0027556385152300265
421,0.0,0.03319110027430661,0.04025906480583953
422,0.0,0.008808290155440414,0.009917973221481911
423,0.0,0.007924413288631514,0.011022554060920106
424,0.0,0.007924413288631514,0.008464577380115863
425,0.0,0.007619628162145686,0.008691307131368967
426,0.0,0.04571776897287412,0.04787485901459762
427,0.0,0.024992380371837854,0.034910568109612475
428,0.0,0.005150868637610485,0.0061914662842193656
429,0.0,0.006034745504419384,0.007179775456348277
430,0.0,0.10938738189576347,0.310376405499842
431,0.0,0.12666441646242702,0.26111757732125934
432,0.0,0.2556537640963121,0.3689067460388958
433,0.0,0.2791526973483694,0.4258159136034248
434,0.0,0.12794879609875037,0.19943497735224913
435,0.0,0.1273697043584273,0.18287207834404165
436,0.0,0.10938738189576347,0.23839607559099762
437,0.0,0.09665693537295875,0.22885651379584956
438,0.0,0.1030173727522097,0.15042646958138597
439,0.0,0.008168241389820176,0.006889096288075067
440,0.0,0.030783297775068573,0.03397458118777274
441,0.0,0.031362389515391643,0.033218815350262394
442,0.0,0.032612008533983536,0.044799473414267064
443,0.0,0.10054861322767449,0.13851443726554985
444,0.0,0.10420603474550441,0.12338749334861202
445,0.0,0.02831453825053337,0.0594380763285059
446,0.0,0.027704967997561718,0.06060660658496421
447,0.0,0.143828101188662,0.14658369097681415
448,0.0,0.007619628162145686,0.0037555748540898685
449,0.0,0.007619628162145686,0.005784515448636872
450,0.0,0.008168241389820176,0.0032846746014872684
451,0.0,0.027548797106304514,0.07761109769822938
452,0.0,0.02845811471507628,0.07518284560491896
453,0.0,0.024820844279989217,0.08454896082197343
454,0.0,0.024820844279989217,0.08697721291528383
455,0.0,0.015544041450777202,0.004272983773616182
456,0.0,0.008503505028954585,0.0048601556935280645
457,0.0,0.12575509885365527,0.37403129966019366
458,0.0,0.1484880390729494,0.4014358589989826
459,0.0,0.12302714602733997,0.3813160559401249
460,0.0,0.14485076863786236,0.4094144015912883
461,0.0,0.06309052118256628,0.06711781995428409
462,0.0,0.0517525144772935,0.054734887385845366
463,0.0,0.37549527583053943,0.44523909562744063
464,0.0,0.053002133495885395,0.05362449296304171
465,0.0,0.008808290155440414,0.009447072968879311
466,0.0,0.3503565482202815,0.4061189166075098
467,0.0,0.014818350583499788,0.016904795365469
468,0.0,0.054828325369457497,0.13901118634336418
469,0.0,0.05300969015191397,0.11507555856644722
470,0.0,0.05300969015191397,0.12860439165774812
471,0.0,0.054828325369457497,0.10813769544270319
472,0.0,0.030783297775068573,0.04996193544279927
473,0.0,0.014903992685156962,0.03473034702528309
474,0.0,0.014599207558671135,0.034852432275957836
475,0.0,0.014294422432185308,0.020725424697879843
476,0.0,0.01578786955196586,0.01763841193081836
477,0.0,0.030783297775068573,0.05014215652712866
478,0.0,0.021030173727522094,0.025783242225833693
479,0.0,0.021030173727522094,0.025254206139576452
480,0.0,0.062145687290460216,0.08805253365332065
481,0.0,0.06095702529716549,0.08979079507959443
482,0.0,0.02800975312404754,0.03247467667948298
483,0.0,0.06699177080158487,0.09751704737229636
484,0.0,0.0718988113380067,0.06787358579179444
485,0.0,0.21484303565985977,0.17879675640485124
486,0.0,0.2321452590799519,0.5887581633400718
487,0.0,0.1839514258150483,0.41791328391787474
488,0.0,0.09029171211155639,0.25192490868229844
489,0.0,0.09301966493787168,0.1700581238221188
490,0.0,0.033914020367706875,0.08264104846294382
491,0.0,0.036641973194022175,0.06789808932498771
492,0.0,0.1512159918992647,0.297367912142822
493,0.0,0.08847307689401285,0.2567814128689193
494,0.0,0.037551290802793943,0.058185080951746064
495,0.0,0.01663698580104332,0.04188110261094755
496,0.0,0.09483830015541521,0.16641574568215317
497,0.0,0.03846060841156571,0.0809065826820078
498,0.0,0.036641973194022175,0.06772464274689412
499,0.0,0.045735149281739836,0.08801789238384544
500,0.0,0.04755378449928337,0.08610998002481583
501,0.0,0.13803718378543126,0.13124745805871962
502,0.0,0.16912526668698566,0.11833548940402362
503,0.0,0.10268210911307527,0.11664955022803901
504,0.0,0.07159402621152088,0.06095542158689206
505,0.0,0.11213044803413592,0.11210914161961147
506,0.0,0.428192624199939,0.3293627519870083
507,0.0,0.050228588844864364,0.08844785732217221
508,0.0,0.05150868637610484,0.08659913781195461
509,0.0,0.15576257994312356,0.2796763611772747
510,0.0,0.025730161888760983,0.07639697165157416
511,0.0,0.029367432323848048,0.0659901769659581
512,0.0,0.07119604232734929,0.19902370236375017
513,0.0,0.06937740710980576,0.20301297365990298
514,0.0,0.11484328754839407,0.2586893252279489
515,0.0,0.06458396830234683,0.07211168806521782
516,0.0,0.0042060347455044195,0.006133330450564723
517,0.0,0.005790917403230723,0.0027556385152300265
518,0.0,0.009753124047546477,0.005662430197962123
519,0.0,0.006674794270039622,0.00740650520760138
520,0.0,0.0048460835111246575,0.0027556385152300265
521,0.0,0.029367432323848048,0.11733036408166403
522,0.0,0.10938738189576347,0.20891015731508544
523,0.0,0.111206017113307,0.2044005462846518
524,0.0,0.052100372543142204,0.16710953199452758
525,0.0,0.09301966493787168,0.2229593301406671
526,0.0,0.10484079385190465,0.2184497191102335
527,0.0,0.03898201767753733,0.03863707504687502
528,0.0,0.0011886619932947272,0.0008952918382814856
529,0.0,0.004510819871990247,0.0029358595995594167
530,0.0,0.004510819871990247,0.0030463176835032373
531,0.0,0.007619628162145686,0.0048601556935280645
532,0.0,0.25144772935080767,0.2130445760108008
533,0.0,0.08985065528802193,0.13252063281575627
534,0.0,0.11211533472207877,0.2196638451568887
535,0.0,0.09574761776418698,0.17040501697830598
536,0.0,0.005725174495782127,0.003896302008448915
537,0.0,0.0075438097133256575,0.012568630913128969
538,0.0,0.17758620255364593,0.3542583897575231
539,0.0,0.1430321334203188,0.26233170336791456
540,0.0,0.15576257994312356,0.31297810417124605
541,0.0,0.08665444167646931,0.19329996528666132
542,0.0,0.1330296397238294,0.29493966004951155
543,0.0,0.1166619227659376,0.22261243698447994
544,0.0,0.16212780320452594,0.3001430573923196
545,0.0,0.11848055798348113,0.3344854798548526
546,0.0,0.11825662907650106,0.09269758676232653
547,0.0,0.07832977750685766,0.08473879113500606
548,0.0,0.06763181956720511,0.09944134346626501
549,0.0,0.003017372752209692,0.0038020835210135816
550,0.0,0.11944529106979578,0.1755411497201913
551,0.0,0.05696434014020115,0.057002184898376405
552,0.0,0.00911307528192624,0.013807260492977457
553,0.0,0.010941786040841206,0.011888777982374272
554,0.0,0.2282535812252362,0.22879357334784328
555,0.0,0.025571472112160924,0.036834864203581126
556,0.0,0.02587625723864675,0.037183679205508975
557,0.0,0.09174032307223406,0.1311835086416995
558,0.0,0.19231941481255713,0.22623559666703905
559,0.0,0.18375495275830536,0.17245995053649527
560,0.0,0.11880524230417554,0.09258131509501726
561,0.0,0.06150563852483998,0.061653051590747764
562,0.0,0.19103931728131665,0.15159499983784427
563,0.0,0.037551290802793943,0.09374162946093428
564,0.0,0.03846060841156571,0.09183371710190467
565,0.0,0.1330296397238294,0.2370085029662488
566,0.0,0.11848055798348113,0.2685757801792842
567,0.0,0.2003191427729401,0.38339741487724815
568,0.0,0.2030470955992554,0.3752454257068489
569,0.0,0.02831453825053337,0.017987226932746212
570,0.0,0.006339530630905211,0.00363348960341512
571,0.0,0.020085339835416032,0.016655916342054912
572,0.0,0.014294422432185308,0.013749124659322813
573,0.0,0.015544041450777202,0.011656234647755705
574,0.0,0.0408107284364523,0.05444420821757216
575,0.0,0.035934166412679054,0.0612402871717998
576,0.0,0.031362389515391643,0.048921304020381175
577,0.0,0.017372752209692165,0.03938121371765444
578,0.0,0.006979579396525449,0.0035172179361058365
579,0.0,0.03380067052727826,0.03560819811346817
580,0.0,0.02663947949753275,0.046564160219474786
581,0.0,0.2541603169765315,0.2991902543202492
582,0.0,0.40716245047241695,0.4259845075210232
583,0.0,0.08165193538555317,0.12031210774828147
584,0.0,0.10356598597988417,0.15211240875737062
585,0.0,0.2898506552880219,0.19484806007689787
586,0.0,0.03573265558525041,0.12149308195591046
587,0.0,0.031186067541391575,0.12045240248734884
588,0.0,0.05848826577263029,0.10066219597301249
589,0.0,0.046906430966168845,0.11141732519912124
590,0.0,0.07028672471857753,0.1620795812298131
591,0.0,0.06664945428349046,0.16693608541643395
592,0.0,0.037551290802793943,0.09113993078953027
593,0.0,0.03573265558525041,0.0809065826820078
594,0.0,0.053919007760685735,0.08541619371244143
595,0.0,0.025571472112160924,0.03595701311539603
596,0.0,0.028893629990856446,0.035201247277885685
597,0.0,0.08412069491008838,0.0991506642979918
598,0.0,0.15269734836939958,0.16211758572933446
599,0.0,0.00026926884315152855,0.002508729383700106
600,0.0,0.00026926884315152855,0.00320251569607451
601,0.0,0.0011785864519232947,0.004243195164636116
602,0.0,0.0020879040606950608,0.005804214367478527
603,0.0,0.024992380371837854,0.026422736396034756
604,0.0,0.024352331606217616,0.027178502233545097
605,0.0,0.056049984760743674,0.06850726637863004
606,0.0,0.0164279183175861,0.01642918659080181
607,0.0,0.016123133191100272,0.016778001592729658
608,0.0,0.10302215863436112,0.18324006375723245
609,0.0,0.112709539774459,0.13228808948113768
610,0.0,0.2026211520877781,0.24815280595483907
611,0.0,0.07342273697043585,0.11397530187992548
612,0.0,0.25690338311490396,0.25111773347122573
613,0.0,0.06610789393477598,0.08705259731446081
614,0.0,0.10816824138982017,0.1744365688807531
615,0.0,0.17762877171594027,0.18733691036871813
616,0.0,0.1231027125876257,0.09699963845277003
617,0.0,0.03380067052727826,0.036654643119251734
618,0.0,0.20661383724474244,0.26704695189259764
619,0.0,0.10207253886010362,0.11577751272321939
620,0.0,0.0027125876257238645,0.0017731429264665783
621,0.0,0.11246571167327034,0.10653972875549678
622,0.0,0.007619628162145686,0.007296047123657561
623,0.0,0.0987199024687595,0.10490611182980135
624,0.0,0.0353245961597074,0.04025906480583953
625,0.0,0.14626638220054858,0.12862553196089527
626,0.0,0.0033221578786955196,0.0015929218421371885
627,0.0,0.006339530630905211,0.0032265387678326266
628,0.0,0.13928680280402314,0.20246385428565597
629,0.0,0.1660469369094788,0.22699136250454938
630,0.0,0.16272477903078328,0.23315376087194142
631,0.0,0.1285888448643706,0.19089482338838223
632,0.0,0.0011785864519232947,0.0030290691179809086
633,0.0,0.00026926884315152855,0.002508729383700106
634,0.0,0.25942478734310487,0.6324667010196593
635,0.0,0.10575011146067642,0.20405365312846457
636,0.0,0.09301966493787168,0.23059097957678557
637,0.0,0.1412134982027753,0.34038266351003504
638,0.0,0.40764355757290277,1.0000000000000002
639,0.0,0.2348732119062672,0.6005525306504367
640,0.0,0.006034745504419384,0.005726379614982229
641,0.0,0.0011886619932947272,0.004389255440925465
642,0.0,0.0011886619932947272,0.0026509940146516716
643,0.0,0.001828710758914965,0.0037555748540898685
644,0.0,0.08287107589149649,0.11996910632971908
645,0.0,0.14507772020725387,0.16007120438469108
646,0.0,0.086193233770192,0.12054465108290002
647,0.0,0.15571472112160925,0.17408775387882525
648,0.0,0.03380067052727826,0.03671277895290637
649,0.0,0.03745809204510819,0.03996838563756632
650,0.0,0.10143249009448338,0.0839190758804756
651,0.0,0.07403230722340749,0.06979206830239762
652,0.0,0.17826882048156048,0.21118422933385225
653,0.0,0.1727826882048156,0.2182709874563531
654,0.0,0.1831758610179823,0.2049578815494401
655,0.0,0.015544041450777202,0.016365237173781702
656,0.0,0.02252362084730265,0.034323396189700595
657,0.0,0.2688204815604998,0.16698936858959346
658,0.0,0.0508686376104846,0.04009047088824107
659,0.0,0.030783297775068573,0.019853387193060217
660,0.0,0.2471502590673575,0.17886070582187136
661,0.0,0.0033221578786955196,0.002819587932250134
662,0.0,0.005790917403230723,0.0031044535171578782
663,0.0,0.004510819871990247,0.0027556385152300265
664,0.0,0.019750076196281618,0.013458445491049603
665,0.0,0.021030173727522094,0.01270267965353926
666,0.0,0.006339530630905211,0.01270267965353926
667,0.0,0.020694910088387683,0.036654643119251734
668,0.0,0.01795184395001524,0.03392807252084903
669,0.0,0.007924413288631514,0.009330801301570027
670,0.0,0.005790917403230723,0.012871273571137721
671,0.0,0.05028173732559867,0.13294055611008815
672,0.0,0.208503001251886,0.2730853912097178
673,0.0,0.15294117647058822,0.18577887002677373
674,0.0,0.11030173727522095,0.09845303429413609
675,0.0,0.06546784516915574,0.07100710722577964
676,0.0,0.03380067052727826,0.026300651145360007
677,0.0,0.03380067052727826,0.027812182820380695
678,0.0,0.07982322462663821,0.06711781995428409
679,0.0,0.14992380371837855,0.18379643809915044
680,0.0,0.11246571167327034,0.138165622263622
681,0.0,0.04230417555623285,0.06287390409749523
682,0.0,0.03498933252057299,0.03334090060093714
683,0.0,0.0353245961597074,0.03299208559900929
684,0.0,0.07982322462663821,0.07135592222770748
685,0.0,0.07095397744590064,0.08107042003139815
686,0.0,0.0036269430051813468,0.0029358595995594167
687,0.0,0.0020879040606950608,0.00823246646078894
688,0.0,0.0020879040606950608,0.008405913038882542
689,0.0,0.002997221669466827,0.008926252773163347
690,0.0,0.002997221669466827,0.00823246646078894
691,0.0,0.1548532623343518,0.3799284833153761
692,0.0,0.1484880390729494,0.35686008842892714
693,0.0,0.12302714602733997,0.30343854237609796
694,0.0,0.08756375928524109,0.16225302780790674
695,0.0,0.07756126558875166,0.19121860634953813
696,0.0,0.0766519479799799,0.19486098448950373
697,0.0,0.02919841511734227,0.032585134763426796
698,0.0,0.046644466890511604,0.10172017205323994
699,0.0,0.04118856123788101,0.11542245172263442
700,0.0,0.034440719292898506,0.035840741448086744
701,0.0,0.030783297775068573,0.04078810089209677
702,0.0,0.07071014934471197,0.1317648669782459
703,0.0,0.06888143858579701,0.14525238038612284
704,0.0,0.16635172203596463,0.1217655035896475
705,0.0,0.3394696738799146,0.5137172940892433
706,0.0,0.019750076196281618,0.013342173823740321
707,0.0,0.05818348064614446,0.09438352593831115
708,0.0,0.006674794270039622,0.008749442965023608
709,0.0,0.30899116123133186,0.38168500227618607
710,0.0,0.08896677842121303,0.12275381276177641
711,0.0,0.5736056080463273,0.43308289281025497
712,0.0,0.474794270039622,0.3021551818366359
713,0.0,0.17708015848826578,0.22960747501900827
714,0.0,0.02587625723864675,0.03729413728945279
715,0.0,0.19350807680585183,0.142223503452716
716,0.0,0.08165193538555317,0.11757390998314783
717,0.0,0.011825662907650105,0.017121003011292046
718,0.0,0.050228588844864364,0.07450107082842362
719,0.0,0.04934471197805547,0.07589633083613502
720,0.0,0.08028921841506696,0.09530264866377669
721,0.0,0.16849302646592826,0.31263121101505886
722,0.0,0.3458099601764227,0.4937094385447784
723,0.0,0.3778725998171289,0.4183222046453414
724,0.0,0.1273697043584273,0.14746154206499926
725,0.0,0.32764401097226453,0.28547601116111915
726,0.0,0.30899116123133186,0.2892548403486708
727,0.0,0.4007314843035659,0.2961148687199186
728,0.0,0.01365437366656507,0.005604294364307482
729,0.0,0.006339530630905211,0.004970613777471884
730,0.0,0.007619628162145686,0.006255415701239471
731,0.0,0.08938239450278461,0.20596156548749422
732,0.0,0.06937740710980576,0.2042270997065582
733,0.0,0.030276749932619813,0.07275459351160855
734,0.0,0.09120102972032815,0.20145195445706057
735,0.0,0.07756126558875166,0.18029147192964126
736,0.0,0.031186067541391575,0.07119357430876615
737,0.0,0.0042060347455044195,0.002877723765904775
738,0.0,0.023163669612922887,0.027236638067199743
739,0.0,0.023163669612922887,0.028573762241256507
740,0.0,0.018866199329472717,0.01944062277411226
741,0.0,0.016732703444071927,0.020847509948554593
742,0.0,0.015544041450777202,0.005319428779399737
743,0.0,0.015239256324291371,0.0054357004467090195
744,0.0,0.053002133495885395,0.04787485901459762
745,0.0,0.0743675708625419,0.11368462271165226
746,0.0,0.017372752209692165,0.004970613777471884
747,0.0,0.003017372752209692,0.002587044597631565
748,0.0,0.017067967083206338,0.02455657613572075
749,0.0,0.019201462968607128,0.0240449807995599
750,0.0,0.03864675403840292,0.04705514376006717
751,0.0,0.2112309540782013,0.6062762677275256
752,0.0,0.21577754212206013,0.6546678630156404
753,0.0,0.046644466890511604,0.10380153099036314
754,0.0,0.020274256236130387,0.046564160219474786
755,0.0,0.12120851080979644,0.23180510562344078
756,0.0,0.10484079385190465,0.26805544044500335
757,0.0,0.12642487046632123,0.16117578522412926
758,0.0,0.018561414202986893,0.04537501816744802
759,0.0,0.14690643096616882,0.16502437741206658
760,0.0,0.22548003657421517,0.3352984206031473
761,0.0,0.08223102712587624,0.11706231464698696
762,0.0,0.023407497714111547,0.027934268071055444
763,0.0,0.0718988113380067,0.07571610975180564
764,0.0,0.1142944224321853,0.15589123794492232
765,0.0,0.03809814081072844,0.05345589904544325
766,0.0,0.024992380371837854,0.006482145452492575
767,0.0,0.1734227369704358,0.24907716570994784
768,0.0,0.17064919231941478,0.2424613078400496
769,0.0,0.10786345626333434,0.11386484379598166
770,0.0,0.14690643096616882,0.1819360914222019
771,0.0,0.016732703444071927,0.005086885444781169
772,0.0,0.01578786955196586,0.011249283812173211
773,0.0,0.020694910088387683,0.0235740805469573
774,0.0,0.035934166412679054,0.0542756142999737
775,0.0,0.062145687290460216,0.0913081403379806
776,0.0,0.018561414202986893,0.017004731343982765
777,0.0,0.0020879040606950608,0.0059776609455721285
778,0.0,0.0011785864519232947,0.006324554101759331
779,0.0,0.0020879040606950608,0.0056307677893849255
780,0.0,0.0020879040606950608,0.005457321211291325
781,0.0,0.023742761353245958,0.022998535793776347
782,0.0,0.026821091130752817,0.021016103866153053
783,0.0,0.017372752209692165,0.02410311663321454
784,0.0,0.017372752209692165,0.02241136387386446
785,0.0,0.1975911899466248,0.47584444100113754
786,0.0,0.16667439124838476,0.2897362627067035
787,0.0,0.052100372543142204,0.13883773976527058
788,0.0,0.05028173732559867,0.14161288501476818
789,0.0,0.111206017113307,0.19763612973900135
790,0.0,0.09938488819927405,0.22400000960922875
791,0.0,0.1412134982027753,0.2737791775220922
792,0.0,0.20486573081679893,0.48122128492203914
793,0.0,0.18649801889667783,0.16344889632002577
794,0.0,0.15571472112160925,0.19658632150317168
795,0.0,0.40225540993599507,0.34593727816194675
796,0.0,0.3946357817738494,0.3527391706995398
797,0.0,0.13255105150868635,0.1897321067152894
798,0.0,0.17159402621152087,0.19204591289474413
799,0.0,0.27272173117951837,0.20960874824181147
800,0.0,0.3775678146906431,0.3270431322241881
801,0.0,0.010941786040841206,0.012068999066703662
802,0.0,0.04142029868942395,0.06217627409363954
803,0.0,0.04626638220054861,0.07165822856271163
804,0.0,0.06184090216397439,0.08158782895092447
805,0.0,0.007284364523011276,0.008400627963095757
806,0.0,0.008168241389820176,0.008691307131368967
807,0.0,0.10143249009448338,0.2965857689725212
808,0.0,0.010941786040841206,0.007464641041256023
809,0.0,0.024352331606217616,0.035201247277885685
810,0.0,0.08317586101798231,0.08944779366103205
811,0.0,0.02706491923194148,0.041828732314514866
812,0.0,0.07392399515366459,0.17890389930489245
813,0.0,0.08392648885015401,0.17526152116492683
814,0.0,0.12393646363611174,0.24706840449567768
815,0.0,0.1948632371203095,0.3494018855709023
816,0.0,0.36174946662602864,0.340943410051013
817,0.0,0.09392898254664345,0.21411355465789347
818,0.0,0.08301717124138226,0.24169156057477606
819,0.0,0.049372419716826904,0.14542870973282743
820,0.0,0.04846310210805514,0.14820385498232505
821,0.0,0.09483830015541521,0.18219938428867086
822,0.0,0.08028921841506696,0.19347341186475492
823,0.0,0.20213777799048363,0.4470523090375997
824,0.0,0.030143249009448335,0.044450658412339215
825,0.0,0.03230722340749771,0.045950562920628976
826,0.0,0.33709234989332515,0.3969747265273569
827,0.0,0.0011785864519232947,0.004590088320823319
828,0.0,0.00026926884315152855,0.003896302008448915
829,0.0,0.06392150145717516,0.15358069890322668
830,0.0,0.12302714602733997,0.2635458294145698
831,0.0,0.1639743980493752,0.20827743765112014
832,0.0,0.13255105150868635,0.19489456874382158
833,0.0,0.1563547698872295,0.20187086878237862
834,0.0,0.010941786040841206,0.00694723212172971
835,0.0,0.010637000914355377,0.007586726291930771
836,0.0,0.020390124961901856,0.024800746637070242
837,0.0,0.20905211825662906,0.23484551363129152
838,0.0,0.040231636696129225,0.047403958761995026
839,0.0,0.03681804327948796,0.055077888804407754
840,0.0,0.041115513562938126,0.03397458118777274
841,0.0,0.057848217007010046,0.07217563748223794
842,0.0,0.04903992685156963,0.054095393215644307
843,0.0,0.14809509295946358,0.2878014445073048
844,0.0,0.03864675403840292,0.049444526523272955
845,0.0,0.06366961292288935,0.08746536173340876
846,0.0,0.062145687290460216,0.08920362315968257
847,0.0,0.08348064614446814,0.09368589593445546
848,0.0,0.09231941481255714,0.11235331212096097
849,0.0,0.011825662907650105,0.012237592984302123
850,0.0,0.010332215787869551,0.014446754663178518
851,0.0,0.00911307528192624,0.001715007092811937
852,0.0,0.0033221578786955196,0.0008952918382814856
853,0.0,0.017546303409815087,0.05558338228034204
854,0.0,0.027369704358427307,0.0314805539239886
855,0.0,0.02800975312404754,0.030782923920132904
856,0.0,0.052697348369399565,0.11374275854530692
857,0.0,0.05205729960377933,0.11124873128152278
858,0.0,0.1231027125876257,0.14891493790636529
859,0.0,0.15967692776592501,0.1497927889945504
860,0.0,0.16212780320452594,0.36275727208410957
861,0.0,0.1466694038554059,0.37142960098878963
862,0.0,0.44674421475008874,0.8645382225088977
863,0.0,0.09847557059050228,0.23492714402912562
864,0.0,0.08756375928524109,0.26423961572694415
865,0.0,0.29216022125888846,0.523021910242597
866,0.0,1.0,0.42994937137626976
867,0.0,0.4294117647058823,0.34018764421350267
868,0.0,0.8298994209082596,0.5975433526358715
869,0.0,0.37208168241389816,0.23425834171137963
870,0.0,0.6071014934471197,0.3867428198041399
871,0.0,0.5659859798841816,0.43267594197467246
872,0.0,0.2730265163060043,0.18786594645497537
873,0.0,0.5032002438281012,0.4990147417579843
874,0.0,0.1088082901554404,0.12310262776370427
875,0.0,0.03715330691862237,0.04537501816744802
876,0.0,0.03809814081072844,0.044392522578684576
877,0.0,0.01365437366656507,0.01595828633819921
878,0.0,0.024992380371837854,0.017987226932746212
879,0.0,0.06610789393477598,0.09501720652514674
880,0.0,0.08777811642791832,0.12037605716530157
881,0.0,0.005455653764096312,0.005906600699311619
882,0.0,0.002133495885400792,0.0016510576757918303
883,0.0,0.16580310880829013,0.17018683944059876
884,0.0,0.059676927765925016,0.06449589385645974
885,0.0,0.06946053032612008,0.07380344082456791
886,0.0,0.0042060347455044195,0.0010173770889562335
887,0.0,0.08436452301127705,0.08967452341228516
888,0.0,0.07650106674794269,0.07055364772327342
889,0.0,0.10816824138982017,0.13425889424203008
890,0.0,0.02252362084730265,0.03397458118777274
891,0.0,0.01365437366656507,0.0032265387678326266
892,0.0,0.01277049679975617,0.002877723765904775
893,0.0,0.17034440719292898,0.20537064596838803
894,0.0,0.13770192014629684,0.20048142235803268
895,0.0,0.052697348369399565,0.03781735979234457
896,0.0,0.22676013410545562,0.18152332700325396
897,0.0,0.06763181956720511,0.07391389890851174
898,0.0,0.008503505028954585,0.004453204857945571
899,0.0,0.00911307528192624,0.00705769020567353
900,0.0,0.061261810423651315,0.0901396100815223
901,0.0,0.010941786040841206,0.016655916342054912
902,0.0,0.0353245961597074,0.047119093177087276
903,0.0,0.03681804327948796,0.04461925232993767
904,0.0,0.09110027430661383,0.08827926340457376
905,0.0,0.018561414202986893,0.005493836280363662
906,0.0,0.018866199329472717,0.005319428779399737
907,0.0,0.1492837549527583,0.22193354497659554
908,0.0,0.05516610789393477,0.047403958761995026
909,0.0,0.16272477903078328,0.18420338893473293
910,0.0,0.010941786040841206,0.007359996540677667
911,0.0,0.008168241389820176,0.00770881154260552
912,0.0,0.09231941481255714,0.09677290870151695
913,0.0,0.05364218226150563,0.07286745390272818
914,0.0,0.036641973194022175,0.07882522374488458
915,0.0,0.03573265558525041,0.080386242947727
916,0.0,0.06427918317586101,0.08031465419388781
917,0.0,0.03809814081072844,0.05043283569540186
918,0.0,0.14017067967083205,0.1583329429584173
919,0.0,0.04626638220054861,0.043979758159736614
920,0.0,0.022092891453673918,0.0817738155724758
921,0.0,0.022092891453673918,0.08333483477531822
922,0.0,0.022092891453673918,0.07431561271445096
923,0.0,0.023002209062445683,0.07275459351160855
924,0.0,0.022092891453673918,0.08194726215056941
925,0.0,0.004510819871990247,0.0032846746014872684
926,0.0,0.011246571167327033,0.0061914662842193656
927,0.0,0.3416031697653154,0.4329026717259256
928,0.0,0.4419384334044498,0.3365250866932602
929,0.0,0.018866199329472717,0.021649784452988652
930,0.0,0.45010667479426997,0.4504655070729929
931,0.0,0.2852483998780859,0.31018374046434194
932,0.0,0.03715330691862237,0.023800810298210403
933,0.0,0.29439195367266074,0.2539663893203032
934,0.0,0.2593721426394392,0.3892542878180204
935,0.0,0.22215787869551964,0.23757208422969422
936,0.0,0.1319110027430661,0.1474034062313446
937,0.0,0.18192624199939042,0.20013260735610483
938,0.0,0.08960682718683327,0.12438742968747186
939,0.0,0.08777811642791832,0.12711400028587458
940,0.0,0.09015544041450775,0.09751704737229636
941,0.0,0.09445291069795793,0.11526010380369306
942,0.0,0.006034745504419384,0.004150898522941433
943,0.0,0.006034745504419384,0.004272983773616182
944,0.0,0.003962206644315756,0.0005464768363536341
945,0.0,0.17095397744590063,0.2523327723946078
946,0.0,0.028893629990856446,0.03444548144037534
947,0.0,0.15239256324291373,0.11931798499278708
948,0.0,0.30048765620237733,0.23744999897901947
949,0.0,0.09564157269125266,0.11577751272321939
950,0.0,0.09747028345016762,0.11333580770972443
951,0.0,0.014294422432185308,0.01270267965353926
952,0.0,0.013959158793050897,0.012929409404792362
953,0.0,0.07982322462663821,0.11356253746097753
954,0.0,0.07802499238037183,0.11577751272321939
955,0.0,0.010637000914355377,0.01532460575136361
956,0.0,0.06427918317586101,0.07321626890465603
957,0.0,0.568363303870771,0.5353496377921355
958,0.0,0.0005486132276744896,0.0011975981732856237
959,0.0,0.0011886619932947272,0.001424327924538727
960,0.0,0.0011886619932947272,0.0017731429264665783
961,0.0,0.03809814081072844,0.03974165588631322
962,0.0,0.016123133191100272,0.017231461095235868
963,0.0,0.016123133191100272,0.018516263019003453
964,0.0,0.031362389515391643,0.026602957480364144
965,0.0,0.09960377933556842,0.08629683147695047
966,0.0,0.010332215787869551,0.024149625300138252
967,0.0,0.010941786040841206,0.020196388611622602
968,0.0,0.0353245961597074,0.03961957063563847
969,0.0,0.03681804327948796,0.03874753313081884
970,0.0,0.09110027430661383,0.12502111027430746
971,0.0,0.10326120085339834,0.11071969519526553
972,0.0,0.10326120085339834,0.11153359686643052
973,0.0,0.08223102712587624,0.12275381276177641
974,0.0,0.08927156354769886,0.11258004187221408
975,0.0,0.032612008533983536,0.047177229010741915
976,0.0,0.03319110027430661,0.04660168425756097
977,0.0,0.07461139896373056,0.08764558281773815
978,0.0,0.06397439804937519,0.0919418209248162
979,0.0,0.010637000914355377,0.015144384667034218
980,0.0,0.04873514172508381,0.07083851330818118
981,0.0,0.05754343188052422,0.0664201899504284
982,0.0,0.05754343188052422,0.0612402871717998
983,0.0,0.026485827491618406,0.029445799746076137
984,0.0,0.02587625723864675,0.030027158082622556
985,0.0,0.04571776897287412,0.06723409162159338
986,0.0,0.0036269430051813468,0.00230217901272382
987,0.0,0.10697957939652544,0.16618709408515941
988,0.0,0.1395306309052118,0.21146909491876
989,0.0,0.0929289850655288,0.11024879494266294
990,0.0,0.017067967083206338,0.024800746637070242
991,0.0,0.04934471197805547,0.06636205411677375
992,0.0,0.016732703444071927,0.017940718265822497
993,0.0,0.621700701005791,0.3690113905394741
994,0.0,0.43337397135019806,0.2750696969369382
995,0.0,0.047211216092654676,0.050310750444727124
996,0.0,0.3705882352941176,0.4362803636612603
997,0.0,0.010637000914355377,0.007644862125585413
998,0.0,0.006034745504419384,0.0019533640107959683
999,0.0,0.086193233770192,0.0785124433505939
1000,0.0,0.10484079385190465,0.2923379613781076
1001,0.0,0.12029919320102467,0.2524452484165793
1002,0.0,0.056646960587001034,0.141265991858581
1003,0.0,0.057556278195772796,0.13831740003098977
1004,0.0,0.1139339699396223,0.2194903985787951
1005,0.0,0.305799985390465,0.855692447026124
1006,0.0,0.12666441646242702,0.3700420283640408
1007,0.0,0.12393646363611174,0.37732678464397207
1008,0.0,0.1921352842939942,0.35668664185083354
1009,0.0,0.056049984760743674,0.059618297412835294
1010,0.0,0.12919841511734226,0.12543387469325543
1011,0.0,0.08040231636696128,0.11827153998700352
1012,0.0,0.1840597378847912,0.28907461926434147
1013,0.0,0.09847557059050228,0.205614672331307
1014,0.0,0.3962206644315757,0.28500511090851655
1015,0.0,0.07128924108503504,0.07089664914183581
1016,0.0,0.08165193538555317,0.08705259731446081
1017,0.0,0.25851546973433315,0.5682914671250269
1018,0.0,0.4803889662746441,0.6872758196972374
1019,0.0,0.23032662386240838,0.6442610683300242
1020,0.0,0.0042060347455044195,0.002877723765904775
1021,0.0,0.006339530630905211,0.004557849358523927
1022,0.0,0.006674794270039622,0.00363348960341512
1023,0.0,0.004510819871990247,0.0032265387678326266
1024,0.0,0.11152087778116428,0.1009528751412857
1025,0.0,0.07857360560804633,0.11896916999085921
1026,0.0,0.0048460835111246575,0.002587044597631565
1027,0.0,0.0042060347455044195,0.003348624018507375
1028,0.0,0.10816824138982017,0.11403343771358011
1029,0.0,0.18287107589149648,0.18519169810686184
1030,0.0,0.05364218226150563,0.06653646161773767
1031,0.0,0.08412069491008838,0.1083419395987907
1032,0.0,0.00999695214873514,0.01520252050068886
1033,0.0,0.09475769582444377,0.14095032869567936
1034,0.0,0.11152087778116428,0.11944007024346182
1035,0.0,0.002133495885400792,0.007813456043183873
1036,0.0,0.07586101798232245,0.06345526243404165
1037,0.0,0.0932642487046632,0.10328412207083683
1038,0.0,0.1621456872904602,0.17570974363778977
1039,0.0,0.0023773239865894544,0.0061914662842193656
1040,0.0,0.06546784516915574,0.102935307068909
1041,0.0,0.0027125876257238645,0.0010755129226108753
1042,0.0,0.06397439804937519,0.027585453069127595
1043,0.0,0.5754343188052423,0.4485412109790242
1044,0.0,0.2910393172813166,0.22850289417957007
1045,0.0,0.7076805851874428,0.36784867386638126
1046,0.0,0.015544041450777202,0.0240449807995599
1047,0.0,0.07802499238037183,0.03507916202721093
1048,0.0,0.008808290155440414,0.011720184064775811
1049,0.0,0.3306613837244742,0.3543088382082152
1050,0.0,0.3523316062176165,0.35407048129023116
1051,0.0,0.06333434928375495,0.09345916618320235
1052,0.0,0.027704967997561718,0.030614330002534433
1053,0.0,0.2916793660469369,0.2141956655171627
1054,0.0,0.07832977750685766,0.09892393454673869
1055,0.0,0.04934471197805547,0.07822757776568617
1056,0.0,0.09747028345016762,0.08443648480000192
1057,0.0,0.12157878695519657,0.12809649587463803
1058,0.0,0.037762877171594024,0.058228850988489345
1059,0.0,0.27881743370923495,0.23100273502671967
1060,0.0,0.04047546479731789,0.03421875168912224
1061,0.0,0.1412134982027753,0.3337916935424782
1062,0.0,0.13757622776768821,0.34020921693194145
1063,0.0,0.08483580645892579,0.24741529765186485
1064,0.0,0.08301717124138226,0.2522718018384857
1065,0.0,0.12393646363611174,0.3478408663680599
1066,0.0,0.12120851080979644,0.35460528291371035
1067,0.0,0.09506248095092959,0.24391470368141566
1068,0.0,0.019201462968607128,0.027585453069127595
1069,0.0,0.12008533983541603,0.13990388368989579
1070,0.0,0.011181080148412723,0.02488333795777465
1071,0.0,0.011181080148412723,0.024362998223493845
1072,0.0,0.009362444930869192,0.028699162675833875
1073,0.0,0.010271762539640955,0.027658483207272266
1074,0.0,0.010271762539640955,0.02800537636345947
1075,0.0,0.010271762539640955,0.028699162675833875
1076,0.0,0.027704967997561718,0.03182355534255099
1077,0.0,0.031362389515391643,0.028283083072983297
1078,0.0,0.03380067052727826,0.03688137287050484
1079,0.0,0.010637000914355377,0.01583620108752446
1080,0.0,0.15690338311490398,0.21617809744478597
1081,0.0,0.03745809204510819,0.03763713870801518
1082,0.0,0.03840292593721426,0.03729413728945279
1083,0.0,0.06824138982017676,0.07909380168714032
1084,0.0,0.19304460190276596,0.46318284080030464
1085,0.0,0.13939486298523177,0.331710334605355
1086,0.0,0.2087473331301432,0.2554197851616693
1087,0.0,0.1365132581530021,0.27355816526191756
1088,0.0,0.04142029868942395,0.04752604401266977
1089,0.0,0.012130448034135932,0.009917973221481911
1090,0.0,0.012465711673270343,0.00967961630349788
1091,0.0,0.10088387686680889,0.0866456464788783
1092,0.0,0.06333434928375495,0.09368589593445546
1093,0.0,0.039926851569643394,0.06176932325805704
1094,0.0,0.06001219140505943,0.04642146317323158
1095,0.0,0.0508686376104846,0.05020610594414877
1096,0.0,0.05333739713501981,0.0818901352859286
1097,0.0,0.09381286193233769,0.10606882850289419
1098,0.0,0.10326120085339834,0.10461543266152813
1099,0.0,0.016732703444071927,0.02031847386229735
1100,0.0,0.03230722340749771,0.026073921394106903
1101,0.0,0.031362389515391643,0.026602957480364144
1102,0.0,0.059676927765925016,0.08891875757477481
1103,0.0,0.044132886315147814,0.08694795281388246
1104,0.0,0.021030173727522094,0.02194046362126186
1105,0.0,0.014903992685156962,0.014795569665106369
1106,0.0,0.015239256324291371,0.016655916342054912
1107,0.0,0.05665955501371532,0.06770499187419597
1108,0.0,0.07461139896373056,0.06013570633236161
1109,0.0,0.013075281926241997,0.019272028856513797
1110,0.0,0.010637000914355377,0.0026975026815753856
1111,0.0,0.011581834806461444,0.0029358595995594167
1112,0.0,0.0036269430051813468,0.0019533640107959683
1113,0.0,0.008168241389820176,0.006424009618837932
1114,0.0,0.0014934471197805546,0.0005464768363536341
1115,0.0,0.014903992685156962,0.011371369062847959
1116,0.0,0.010637000914355377,0.007993677127513263
1117,0.0,0.01936493862735862,0.04691105337566199
1118,0.0,0.022092891453673918,0.04587037390710039
1119,0.0,0.007619628162145686,0.010964418227265465
1120,0.0,0.006979579396525449,0.012295728817956765
1121,0.0,0.02831453825053337,0.018109312183420958
1122,0.0,0.027704967997561718,0.018399991351694168
1123,0.0,0.009753124047546477,0.011720184064775811
1124,0.0,0.00911307528192624,0.012353864651611408
1125,0.0,0.0005486132276744896,0.00044183233577527853
1126,0.0,0.06755877189226223,0.1740473951182716
1127,0.0,0.10665942906944818,0.25123112236992406
1128,0.0,0.05117342273697043,0.055839468225283566
1129,0.0,0.04571776897287412,0.06345526243404165
1130,0.0,0.004510819871990247,0.0070111815387498165
1131,0.0,0.07832977750685766,0.0991506642979918
1132,0.0,0.004510819871990247,0.005604294364307482
1133,0.0,0.0929289850655288,0.07671023250730001
1134,0.0,0.07832977750685766,0.07747181192817583
1135,0.0,0.017067967083206338,0.028114489155384836
1136,0.0,0.042608960682718675,0.033457172268246425
1137,0.0,0.18577006103259183,0.4609280352850878
1138,0.0,0.2676086458220508,0.6442610683300242
1139,0.0,0.30398135017292144,0.6315994681291913
1140,0.0,0.01936493862735862,0.04240144234522836
1141,0.0,0.05300969015191397,0.1117800735826688
1142,0.0,0.25961597074062787,0.24291476734255582
1143,0.0,0.04047546479731789,0.02909698474414828
1144,0.0,0.07403230722340749,0.07972748227397593
1145,0.0,0.044132886315147814,0.04781090959757752
1146,0.0,0.07574263037120813,0.14386769052998502
1147,0.0,0.07832977750685766,0.10228418573197699
1148,0.0,0.29350807680585184,0.3458210064946375
1149,0.0,0.04294422432185309,0.04531688233379338
1150,0.0,0.059372142639439185,0.08554106563944013
1151,0.0,0.3160316976531545,0.37128450163537063
1152,0.0,0.021274001828710757,0.029858564165024096
1153,0.0,0.046644466890511604,0.0968636678666191
1154,0.0,0.0727826882048156,0.11210914161961147
1155,0.0,0.07738494361475158,0.11020228627573922
1156,0.0,0.1992989942090826,0.1318811386455552
1157,0.0,0.08165193538555317,0.0854945569725164
1158,0.0,0.1088082901554404,0.07804735668135677
1159,0.0,0.06674794270039622,0.06793172162544908
1160,0.0,0.020085339835416032,0.01962084385844165
1161,0.0,0.005790917403230723,0.004499713524869285
1162,0.0,0.0023773239865894544,0.0019998726777196822
1163,0.0,0.19594635781773848,0.15176359375544274
1164,0.0,0.018561414202986893,0.009917973221481911
1165,0.0,0.007924413288631514,0.0027556385152300265
1166,0.0,0.006034745504419384,0.002587044597631565
1167,0.0,0.0036269430051813468,0.004970613777471884
1168,0.0,0.09747028345016762,0.11937612082644171
1169,0.0,0.014903992685156962,0.017184952428312153
1170,0.0,0.011825662907650105,0.018109312183420958
1171,0.0,0.06912526668698567,0.10048197488868309
1172,0.0,0.08564462054251752,0.1090337560192809
1173,0.0,0.19103931728131665,0.21118422933385225
1174,0.0,0.17159402621152087,0.18588351452735208
1175,0.0,0.12554099359951235,0.1303696069705345
1176,0.0,0.3330996647363608,0.33686808811182256
1177,0.0,0.27366656507162446,0.21280621909281675
1178,0.0,0.006339530630905211,0.00938893713522467
1179,0.0,0.03562938128619323,0.04107296647700452
1180,0.0,0.35812252362084723,0.2992483901539038
1181,0.0,0.1894073314676789,0.3941511027190514
1182,0.0,0.061261810423651315,0.08275635920738277
1183,0.0,0.04355379457482474,0.04815972459950537
1184,0.0,0.11211533472207877,0.24741529765186485
1185,0.0,0.11484328754839407,0.24203845373096322
1186,0.0,0.3967692776592502,0.30606190985822784
1187,0.0,0.21304958929574483,0.47393652864210795
1188,0.0,0.21759617733960365,0.463876627112679
1189,0.0,0.1221178284185682,0.3554725158041783
1190,0.0,0.07847058319752342,0.19382030502094214
1191,0.0,0.035934166412679054,0.04642146317323158
1192,0.0,0.21152087778116424,0.3221597221971982
1193,0.0,0.031362389515391643,0.04322399232222627
1194,0.0,0.006034745504419384,0.009447072968879311
1195,0.0,0.0005486132276744896,2.9067916827320902e-05
1196,0.0,0.0007314843035659861,0.0
1197,0.0,0.10603474550441937,0.1305498280548639
1198,0.0,0.1298384638829625,0.1336833494888491
1199,0.0,0.11301432490094483,0.08037860361090791
1200,0.0,0.06397439804937519,0.090837240085378
1201,0.0,0.05028173732559867,0.13484846846911774
1202,0.0,0.13349588540079244,0.10426661765960028
1203,0.0,0.15239256324291373,0.12350957859928677
1204,0.0,0.0048460835111246575,0.0001395260007711406
1205,0.0,0.003962206644315756,9.301733384742706e-05
1206,0.0,0.003962206644315756,9.301733384742706e-05
1207,0.0,0.2557875169080178,0.44826643508425495
1208,0.0,0.03928680280402316,0.048508539601433226
1209,0.0,0.0651630600426699,0.09170346400683217
1210,0.0,0.005150868637610485,0.0004999681694299206
1211,0.0,0.005455653764096312,0.0004999681694299206
1212,0.0,0.04172508381590978,0.043863486492427335
1213,0.0,0.33492837549527577,0.39064373424236637
1214,0.0,0.018561414202986893,0.025783242225833693
1215,0.0,0.07071014934471197,0.05467093796882526
1216,0.0,0.11365437366656506,0.12478275335632343
1217,0.0,0.05028173732559867,0.1287778382358417
1218,0.0,0.0353245961597074,0.0527001332079329
1219,0.0,0.06150563852483998,0.07491383524737157
1220,0.0,0.046601645839683015,0.06258903851258749
1221,0.0,0.0005486132276744896,0.0009592412553015917
1222,0.0,0.006674794270039622,0.0012441068402093368
1223,0.0,0.009753124047546477,0.008511086047039576
1224,0.0,0.16580310880829013,0.1437350351277367
1225,0.0,0.1430321334203188,0.4173929441835939
1226,0.0,0.1403041805940035,0.42519804019780594
1227,0.0,0.018455621018586853,0.043268675235696365
1228,0.0,0.02118357384490215,0.04101386972047955
1229,0.0,0.1303016868975141,0.3918962972038346
1230,0.0,0.12666441646242702,0.36275727208410957
1231,0.0,0.07756126558875166,0.18514797611626208
1232,0.0,0.10118866199329471,0.15065901291600456
1233,0.0,0.117311795184395,0.11880057607326076
1234,0.0,0.12279792746113988,0.10508633291413073
1235,0.0,0.030143249009448335,0.02572510639217905
1236,0.0,0.02618104236513258,0.02148119053539019
1237,0.0,0.1542212740018287,0.225596102496838
1238,0.0,0.07768972874123743,0.11978888524538966
1239,0.0,0.07586101798232245,0.11083596686257481
1240,0.0,0.07650106674794269,0.07525683666593395
1241,0.0,0.03959158793050899,0.049386390689618316
1242,0.0,0.024352331606217616,0.022242769956266
1243,0.0,0.04294422432185309,0.04234614123404117
1244,0.0,0.019445291069795794,0.03241654084582834
1245,0.0,0.017372752209692165,0.03688137287050484
1246,0.0,0.17887839073453216,0.14768827181625235
1247,0.0,0.18649801889667783,0.13507860949656053
1248,0.0,0.1403041805940035,0.3447188279623751
1249,0.0,0.18577006103259183,0.5570174395489428
1250,0.0,0.2112309540782013,0.5459168585509523
1251,0.0,0.07071014934471197,0.11409157354723476
1252,0.0,0.001828710758914965,0.0018952281771413267
1253,0.0,0.0023773239865894544,0.002877723765904775
1254,0.0,0.08348064614446814,0.09431957652129105
1255,0.0,0.010332215787869551,0.006011245199889975
1256,0.0,0.006339530630905211,0.0029998090165795233
1257,0.0,0.0033221578786955196,0.0046217987755440325
1258,0.0,0.03468454739408717,0.03892194063178277
1259,0.0,0.2593721426394392,0.17588996472211915
1260,0.0,0.023163669612922887,0.02520769747265274
1261,0.0,0.022218835720816822,0.026422736396034756
1262,0.0,0.0651630600426699,0.047403958761995026
1263,0.0,0.1466694038554059,0.2852266516762699
1264,0.0,0.3760743675708625,0.25589068541427185
1265,0.0,0.25080768058518743,0.2307701916921011
1266,0.0,0.6659250228588844,0.38814970697858237
1267,0.0,0.36875952453520267,0.38610913921730433
1268,0.0,0.032095385150163344,0.09148682394571747
1269,0.0,0.006339530630905211,0.002528908763976924
1270,0.0,0.006034745504419384,0.002244043179069178
1271,0.0,0.007924413288631514,0.002528908763976924
1272,0.0,0.15239256324291373,0.20617292047282212
1273,0.0,0.05239256324291374,0.044799473414267064
1274,0.0,0.11880524230417554,0.11851571048835302
1275,0.0,0.10118866199329471,0.09391262568570856
1276,0.0,0.09905516610789393,0.0957729723626571
1277,0.0,0.003962206644315756,0.0026975026815753856
1278,0.0,0.2236818043279488,0.20617292047282212
1279,0.0,0.28707711063700087,0.244019348181994
1280,0.0,0.061193548630859865,0.1119535201607624
1281,0.0,0.1703116616834718,0.3944979958752386
1282,0.0,0.05056385248399877,0.05444420821757216
1283,0.0,0.050228588844864364,0.055897604058938205
1284,0.0,0.0672965559280707,0.09182554925750691
1285,0.0,0.06580310880829016,0.09368589593445546
1286,0.0,0.21577754212206013,0.3672668831145432
1287,0.0,0.1757675673361024,0.3497487787270895
1288,0.0,0.42090825967692774,0.34506524065712707
1289,0.0,0.26635172203596463,0.28227854031011385
1290,0.0,0.005455653764096312,0.0046217987755440325
1291,0.0,0.031362389515391643,0.04688654984246871
1292,0.0,0.523590368790003,0.38471387920959293
1293,0.0,0.09231941481255714,0.09061051033412489
1294,0.0,0.18849801385890713,0.3639713981307648
1295,0.0,0.18649801889667783,0.25308853823211813
1296,0.0,0.006339530630905211,0.009615666886477773
1297,0.0,0.11700701005790916,0.14879285265569053
1298,0.0,0.061261810423651315,0.06862935162930478
1299,0.0,0.017372752209692165,0.02212068470559125
1300,0.0,0.002133495885400792,0.0018312787601212205
1301,0.0,0.22246266382200544,0.23122946477797277
1302,0.0,0.13898201767753735,0.11694022939631223
1303,0.0,0.03959158793050899,0.030085293916277192
1304,0.0,0.2285888448643706,0.2238520274871987
1305,0.0,0.15659859798841816,0.18072105249881987
1306,0.0,0.0023773239865894544,0.005604294364307482
1307,0.0,0.0023773239865894544,0.0054357004467090195
1308,0.0,0.005150868637610485,0.004150898522941433
1309,0.0,0.0319719597683633,0.022876450543101598
1310,0.0,0.0075438097133256575,0.008926252773163347
1311,0.0,0.0075438097133256575,0.009099699351256948
1312,0.0,0.006634492104553892,0.008059019882695341
1313,0.0,0.006634492104553892,0.00788557330460174
1314,0.0,0.007619628162145686,0.007644862125585413
1315,0.0,0.04755378449928337,0.10033259942849113
1316,0.0,0.042097878846652774,0.11386143251979201
1317,0.0,0.04118856123788101,0.11611623803500883
1318,0.0,0.04027924362910924,0.11837104355022562
1319,0.0,0.024820844279989217,0.05749129463937166
1320,0.0,0.02663947949753275,0.05419580965559323
1321,0.0,0.006979579396525449,0.004738070442853317
1322,0.0,0.007924413288631514,0.005784515448636872
1323,0.0,0.0048460835111246575,0.002528908763976924
1324,0.0,0.11578786955196586,0.16559992216524752
1325,0.0,0.10938738189576347,0.135485560332143
1326,0.0,0.16333434928375493,0.2063531415571515
1327,0.0,0.0011886619932947272,0.0012441068402093368
1328,0.0,0.0075438097133256575,0.016557902209281796
1329,0.0,0.12666441646242702,0.2848797585200827
1330,0.0,0.030276749932619813,0.07292804008970215
1331,0.0,0.008453127322097425,0.017772028255937003
1332,0.0,0.12393646363611174,0.2906034955971715
1333,0.0,0.11848055798348113,0.21775593279785907
1334,0.0,0.07921365437366656,0.11321372245904966
1335,0.0,0.024352331606217616,0.029445799746076137
1336,0.0,0.024992380371837854,0.028812119159240538
1337,0.0,0.019750076196281618,0.028405168323658046
1338,0.0,0.057848217007010046,0.07251863890080032
1339,0.0,0.08040231636696128,0.11513801855301832
1340,0.0,0.09174032307223406,0.13507860949656053
1341,0.0,0.35778725998171285,0.3427921295612306
1342,0.0,0.07461139896373056,0.10078428122368722
1343,0.0,0.019750076196281618,0.03217237034447884
1344,0.0,0.023163669612922887,0.049793341525200804
1345,0.0,0.018256629076501066,0.026887823065271887
1346,0.0,0.04047546479731789,0.07211168806521782
1347,0.0,0.02919841511734227,0.046537734840540856
1348,0.0,0.24596159707406276,0.16647777325343263
1349,0.0,0.021030173727522094,0.03356763035219025
1350,0.0,0.04355379457482474,0.04868876068576261
1351,0.0,0.26421822615056384,0.21792217245442527
1352,0.0,0.0517525144772935,0.04752604401266977
1353,0.0,0.4815300213349588,0.39040537732438235
1354,0.0,0.4434318805242304,0.37494705915561305
1355,0.0,0.6610789393477599,0.5252223755694969
1356,0.0,0.005150868637610485,0.0031044535171578782
1357,0.0,0.03809814081072844,0.03595701311539603
1358,0.0,0.0005486132276744896,2.9067916827320902e-05
1359,0.0,0.007924413288631514,0.012586407986229975
1360,0.0,0.01663698580104332,0.055930275436529245
1361,0.0,0.031186067541391575,0.055063042546061244
1362,0.0,0.014294422432185308,0.019155757189204516
1363,0.0,0.01365437366656507,0.018109312183420958
1364,0.0,0.09475769582444377,0.07583819500248037
1365,0.0,0.030783297775068573,0.03792781787628839
1366,0.0,0.010941786040841206,0.022178820539245893
1367,0.0,0.010637000914355377,0.015429250251941964
1368,0.0,0.00911307528192624,0.013749124659322813
1369,0.0,0.010637000914355377,0.005726379614982229
1370,0.0,0.020085339835416032,0.005557785697383768
1371,0.0,0.05056385248399877,0.0560778251432676
1372,0.0,0.017616580310880828,0.012824764904214006
1373,0.0,0.06546784516915574,0.05182809570311327
1374,0.0,0.086193233770192,0.07339648998898542
1375,0.0,0.03681804327948796,0.06903630246488728
1376,0.0,0.03864675403840292,0.06217627409363954
1377,0.0,0.08392648885015401,0.17855700614870523
1378,0.0,0.07483331276243636,0.20249263392562217
1379,0.0,0.0353245961597074,0.053915172131314915
1380,0.0,0.034440719292898506,0.0549732443038294
1381,0.0,0.09120102972032815,0.22902996037394316
1382,0.0,0.11030173727522095,0.1433920337091743
1383,0.0,0.0164279183175861,0.0235740805469573
1384,0.0,0.1118256629076501,0.15472852127182948
1385,0.0,0.015544041450777202,0.014911841332415651
1386,0.0,0.015239256324291371,0.01520252050068886
1387,0.0,0.012130448034135932,0.012353864651611408
1388,0.0,0.011825662907650105,0.012644543819884618
1389,0.0,0.01209039775718449,0.03234154081579949
1390,0.0,0.09722645534897896,0.08496552088625917
1391,0.0,0.11548308442548001,0.06717595578793874
1392,0.0,0.11459920755867112,0.1544378421035563
1393,0.0,0.027369704358427307,0.030614330002534433
1394,0.0,0.007619628162145686,0.005906600699311619
1395,0.0,0.0672965559280707,0.10002851538617688
1396,0.0,0.07342273697043585,0.10152841989446665
1397,0.0,0.07650106674794269,0.09798794762489896
1398,0.0,0.38128619323377017,0.3157647804951876
1399,0.0,0.07847058319752342,0.20908360389317904
1400,0.0,0.053919007760685735,0.13797050687480258
1401,0.0,0.06483081906594693,0.1145552188321664
1402,0.0,0.21214027168697308,0.4543370653175308
1403,0.0,0.010941786040841206,0.01612688025579767
1404,0.0,0.006674794270039622,0.0014824637581933688
1405,0.0,0.006339530630905211,0.0012441068402093368
1406,0.0,0.007924413288631514,0.0011975981732856237
1407,0.0,0.03626943005181347,0.02950974916309624
1408,0.0,0.007924413288631514,0.005086885444781169
1409,0.0,0.006979579396525449,0.005208970695455916
1410,0.0,0.005150868637610485,0.0035753537697604783
1411,0.0,0.013075281926241997,0.006772824620765785
1412,0.0,0.10484608351112465,0.13425889424203008
1413,0.0,0.11757124037470937,0.2779418953963386
1414,0.0,0.11575260515716583,0.2833187393172403
1415,0.0,0.08028921841506696,0.1865355487410109
1416,0.0,0.07847058319752342,0.19000448030288292
1417,0.0,0.10143249009448338,0.14501983705150429
1418,0.0,0.008503505028954585,0.0024126370966676396
1419,0.0,0.008168241389820176,0.005906600699311619
1420,0.0,0.39588540079244133,0.25519305541041615
1421,0.0,0.6583053946967388,0.38238263228004177
1422,0.0,0.19628162145687286,0.3055328737719706
1423,0.0,0.005455653764096312,0.00044183233577527853
1424,0.0,0.0048460835111246575,0.0003778829187551726
1425,0.0,0.00911307528192624,0.009795887970807162
1426,0.0,0.031362389515391643,0.037183679205508975
1427,0.0,0.0033221578786955196,0.002063822094739788
1428,0.0,0.18683328253581225,0.23216545169981254
1429,0.0,0.21755562328558364,0.23484551363129152
1430,0.0,0.26574215178299293,0.2805984147174947
1431,0.0,0.1261200853398354,0.0922325000930894
1432,0.0,0.0883267296555928,0.11002206519140983
1433,0.0,0.02800975312404754,0.0217718697036634
1434,0.0,0.026821091130752817,0.02183000553731804
1435,0.0,0.09564157269125266,0.10228418573197699
1436,0.0,0.07308747333130142,0.10543514791605858
1437,0.0,0.11365437366656506,0.10514446874778537
1438,0.0,0.006979579396525449,0.0048601556935280645
1439,0.0,0.07982322462663821,0.07083851330818118
1440,0.0,0.03864675403840292,0.04508433899917481
1441,0.0,0.02587625723864675,0.016778001592729658
1442,0.0,0.011581834806461444,0.011888777982374272
1443,0.0,0.02663947949753275,0.0656432838097709
1444,0.0,0.037762877171594024,0.04664819292448468
1445,0.0,0.5799756171898811,0.32285153861768845
1446,0.0,0.060621761658031084,0.0246786613863955
1447,0.0,0.030143249009448335,0.017702361347838466
1448,0.0,0.09483830015541521,0.11628968461310243
1449,0.0,0.034823337976478644,0.08593653344672222
1450,0.0,0.03573265558525041,0.08420206766578622
1451,0.0,0.045735149281739836,0.10588288992748636
1452,0.0,0.02663947949753275,0.05332857676512523
1453,0.0,0.045735149281739836,0.11472866541026001
1454,0.0,0.044825831672968074,0.11646313119119601
1455,0.0,0.08802194452910697,0.09769726845662574
1456,0.0,0.07403230722340749,0.06444938518953602
1457,0.0,0.08165193538555317,0.0879304484026459
1458,0.0,0.031362389515391643,0.0636936193520257
1459,0.0,0.010332215787869551,0.01438280524615841
1460,0.0,0.054221274001828704,0.06379826385260404
1461,0.0,0.021030173727522094,0.04404370757675672
1462,0.0,0.010332215787869551,0.013807260492977457
1463,0.0,0.060621761658031084,0.06833867246103158
1464,0.0,0.032612008533983536,0.04136364564527773
1465,0.0,0.031362389515391643,0.042997262570973166
1466,0.0,0.09049070405364218,0.13002079196860666
1467,0.0,0.010332215787869551,0.015609471336271356
1468,0.0,0.17887839073453216,0.26395993912553617
1469,0.0,0.047211216092654676,0.07269885998512972
1470,0.0,0.05056385248399877,0.06844913054497538
1471,0.0,0.0874428527887839,0.12113182300281192
1472,0.0,0.1197500761962816,0.14543260147045223
1473,0.0,0.08381590978360255,0.12478275335632343
1474,0.0,0.09015544041450775,0.0971217237034448
1475,0.0,0.22548003657421517,0.19665027092019177
1476,0.0,0.05028173732559867,0.13987841923383218
1477,0.0,0.10938738189576347,0.0872967678158103
1478,0.0,0.011825662907650105,0.018231397434095707
1479,0.0,0.12404754647973178,0.11280677162346718
1480,0.0,0.08896677842121303,0.07351857523966017
1481,0.0,0.632429137458092,0.4667377269129272
1482,0.0,0.20112770496799753,0.29710317789204754
1483,0.0,0.184364523011277,0.2651866052156491
1484,0.0,0.019750076196281618,0.02328340137868409
1485,0.0,0.03809814081072844,0.04199732623211333
1486,0.0,0.04809509295946358,0.07020483272134558
1487,0.0,0.2919231941481255,0.29094077952465547
1488,0.0,0.04477293508076805,0.05246177628994887
1489,0.0,0.45288021944529105,0.38977169673754675
1490,0.0,0.10905211825662907,0.1385725730992045
1491,0.0,0.15754343188052422,0.1383923520148751
1492,0.0,0.10484608351112465,0.07647187558931598
1493,0.0,0.031362389515391643,0.07072224164087189
1494,0.0,0.06001219140505943,0.07055364772327342
1495,0.0,0.2160621761658031,0.25879747709700396
1496,0.0,0.20444986284669306,0.1467057762274889
1497,0.0,0.17525144772935078,0.17321571637400562
1498,0.0,0.14565681194757693,0.12543387469325543
1499,0.0,0.08652849740932642,0.12746281528780243
1500,0.0,0.10633953063090519,0.12531178944258067
1501,0.0,0.2554099359951234,0.25931488601653024
1502,0.0,0.054221274001828704,0.06787358579179444
1503,0.0,0.05516610789393477,0.06647832578408303
1504,0.0,0.022218835720816822,0.030143429749931838
1505,0.0,0.0011785864519232947,0.004590088320823319
1506,0.0,0.00026926884315152855,0.004763534898916921
1507,0.0,0.020274256236130387,0.04361556839188357
1508,0.0,0.020274256236130387,0.04257488892332196
1509,0.0,0.061261810423651315,0.04846203093450951
1510,0.0,0.1623895153916489,0.11972493582836957
1511,0.0,0.005455653764096312,0.00363348960341512
1512,0.0,0.06309052118256628,0.06408894302087725
1513,0.0,0.07921365437366656,0.097575183205951
1514,0.0,0.0807071014934471,0.095546242611404
1515,0.0,0.006979579396525449,0.005726379614982229
1516,0.0,0.05028173732559867,0.12288065458065928
1517,0.0,0.020694910088387683,0.02531815555659656
1518,0.0,0.009448338921060652,0.008813392382043714
1519,0.0,0.0027125876257238645,0.003406759852162017
1520,0.0,0.03319110027430661,0.037468544790416725
1521,0.0,0.059374913413316334,0.14421458368617224
1522,0.0,0.057556278195772796,0.14698972893566983
1523,0.0,0.09356903383114902,0.09822630454288298
1524,0.0,0.19533678756476683,0.21321316992839925
1525,0.0,0.08317586101798231,0.11147546103277589
1526,0.0,0.10816824138982017,0.12263172751110167
1527,0.0,0.008168241389820176,0.015080435250014115
1528,0.0,0.07650106674794269,0.07705904750922786
1529,0.0,0.04873514172508381,0.06955371138441359
1530,0.0,0.07921365437366656,0.06676900495235624
1531,0.0,0.02953367875647668,0.03421875168912224
1532,0.0,0.02706491923194148,0.03362576618584489
1533,0.0,0.0027125876257238645,0.0035172179361058365
1534,0.0,0.0027125876257238645,0.002819587932250134
1535,0.0,0.062450472416946054,0.04735745009507131
1536,0.0,0.005150868637610485,0.0048601556935280645
1537,0.0,0.42724779030783294,0.38663236172019594
1538,0.0,0.15056385248399876,0.17577369305480986
1539,0.0,0.0164279183175861,0.019394114107188547
1540,0.0,0.04388905821395915,0.050549107362711156
1541,0.0,0.0011886619932947272,0.001302242673863979
1542,0.0,0.04172508381590978,0.028916763659818896
1543,0.0,0.06210286623963163,0.1419597781709554
1544,0.0,0.15080768058518743,0.17781426081608778
1545,0.0,0.003017372752209692,0.004499713524869285
1546,0.0,0.032612008533983536,0.057926544653485214
1547,0.0,0.028893629990856446,0.05043283569540186
1548,0.0,0.02953367875647668,0.03833476871187089
1549,0.0,0.030783297775068573,0.03293394976535465
1550,0.0,0.12157878695519657,0.19333071481851175
1551,0.0,0.002133495885400792,0.0008952918382814856
1552,0.0,0.03745809204510819,0.042177547316442715
1553,0.0,0.11246571167327034,0.13966552677191177
1554,0.0,0.15303462711680826,0.37281717361353844
1555,0.0,0.1548532623343518,0.3655324173336072
1556,0.0,0.02618104236513258,0.03153868975764324
1557,0.0,0.023742761353245958,0.03479429644230319
1558,0.0,0.048430356598597984,0.05781608656954139
1559,0.0,0.00911307528192624,0.010673739058992255
1560,0.0,0.0027125876257238645,0.0026975026815753856
1561,0.0,0.037551290802793943,0.08645687318100304
1562,0.0,0.03846060841156571,0.08454896082197343
1563,0.0,0.010941786040841206,0.0029998090165795233
1564,0.0,0.010637000914355377,0.0026975026815753856
1565,0.0,0.22487071820977778,0.5358569570215235
1566,0.0,0.11365437366656506,0.11356253746097753
1567,0.0,0.1572386467540384,0.11526010380369306
1568,0.0,0.02285888448643706,0.0204405591129721
1569,0.0,0.02252362084730265,0.020894018615478308
1570,0.0,0.023163669612922887,0.03223631976149895
1571,0.0,0.026485827491618406,0.03153868975764324
1572,0.0,0.009448338921060652,0.0070111815387498165
1573,0.0,0.011581834806461444,0.006830960454420426
1574,0.0,0.014903992685156962,0.018336041934674065
1575,0.0,0.013410545565376407,0.008633171297714324
1576,0.0,0.01365437366656507,0.008400627963095757
1577,0.0,0.18469978665041145,0.17990133724428942
1578,0.0,0.17708015848826578,0.12781163028973028
1579,0.0,0.0033221578786955196,0.001546413175213475
1580,0.0,0.0033221578786955196,0.001546413175213475
1581,0.0,0.07921365437366656,0.11681814414563749
1582,0.0,0.04934471197805547,0.06828053662737693
1583,0.0,0.19683023468454736,0.16426279799119076
1584,0.0,0.08896677842121303,0.08269240979036266
1585,0.0,0.0718988113380067,0.0839190758804756
1586,0.0,0.06699177080158487,0.05659523406279391
1587,0.0,0.2630295641572691,0.2829180344803149
1588,0.0,0.14078024992380372,0.1789653503224497
1589,0.0,0.08301717124138226,0.1530603591689459
1590,0.0,0.08392648885015401,0.14959142760707386
1591,0.0,0.19940982516416833,0.6033276758999343
1592,0.0,0.06664945428349046,0.1620795812298131
1593,0.0,0.07847058319752342,0.15219312627847786
1594,0.0,0.12575509885365527,0.28713456403529947
1595,0.0,0.08412069491008838,0.13245668339873617
1596,0.0,0.015239256324291371,0.022527635541173745
1597,0.0,0.25778725998171287,0.18979024254894403
1598,0.0,0.17214263943919536,0.1675184046758507
1599,0.0,0.030783297775068573,0.022696229458772206
1600,0.0,0.09110027430661383,0.1076908182618587
1601,0.0,0.07768972874123743,0.09845303429413609
1602,0.0,0.31819567205120386,0.2218754091429409
1603,0.0,0.0517525144772935,0.06590278103090208
1604,0.0,0.002133495885400792,0.0021219579283944297
1605,0.0,0.14443767144163364,0.14588606097295845
1606,0.0,0.006034745504419384,0.008400627963095757
1607,0.0,0.0651630600426699,0.06647832578408303
1608,0.0,0.08927156354769886,0.08833739923822839
1609,0.0,0.23675708625419079,0.19094133205530595
1610,0.0,0.007284364523011276,0.006424009618837932
1611,0.0,0.04873514172508381,0.07577424558546027
1612,0.0,0.24071929289850652,0.24268803759130272
1613,0.0,0.03681804327948796,0.022178820539245893
1614,0.0,0.24382810118866197,0.24786794036993132
1615,0.0,0.23437976226760132,0.1736226672095881
1616,0.0,0.07890886924718073,0.08879667232410007
1617,0.0,0.04172508381590978,0.030027158082622556
1618,0.0,0.042608960682718675,0.02938766391242149
1619,0.0,0.19103931728131665,0.18647650003062943
1620,0.0,0.33556842426089606,0.3258804155510953
1621,0.0,0.055470893020420596,0.07583819500248037
1622,0.0,0.017616580310880828,0.00967961630349788
1623,0.0,0.010332215787869551,0.00811576237818801
1624,0.0,0.11667174641877476,0.15961774488218486
1625,0.0,0.056049984760743674,0.04967706985789152
1626,0.0,0.022092891453673918,0.0482986260004108
1627,0.0,0.062450472416946054,0.050264241777803406
1628,0.0,0.0011886619932947272,0.0011336487562655176
1629,0.0,0.0651630600426699,0.050659565446654974
1630,0.0,0.006034745504419384,0.0011336487562655176
1631,0.0,0.0027125876257238645,0.0018952281771413267
1632,0.0,0.0027125876257238645,0.001715007092811937
1633,0.0,0.02285888448643706,0.020894018615478308
1634,0.0,0.006339530630905211,0.015429250251941964
1635,0.0,0.134989332520573,0.15931543854718072
1636,0.0,0.1975911899466248,0.34575950743093664
1637,0.0,0.06664945428349046,0.14889764129469946
1638,0.0,0.07650106674794269,0.11176032661768363
1639,0.0,0.090795489180128,0.09368589593445546
1640,0.0,0.2572386467540384,0.1446768356329419
1641,0.0,0.11578786955196586,0.07833222226626452
1642,0.0,0.07802499238037183,0.10432475349325492
1643,0.0,0.060621761658031084,0.06990252638634144
1644,0.0,0.02587625723864675,0.008162271045111726
1645,0.0,0.13803718378543126,0.13804353701294725
1646,0.0,0.17159402621152087,0.24170554200253927
1647,0.0,0.020390124961901856,0.006255415701239471
1648,0.0,0.020085339835416032,0.01450489049683316
1649,0.0,0.010332215787869551,0.014039803827596023
1650,0.0,0.050228588844864364,0.06880957271363418
1651,0.0,0.2940566900335263,0.20309753487249155
1652,0.0,0.032855836635172206,0.04897943985403582
1653,0.0,0.044825831672968074,0.12218686826828487
1654,0.0,0.11880524230417554,0.10223767706505328
1655,0.0,0.048430356598597984,0.11386484379598166
1656,0.0,0.020694910088387683,0.07188495831396473
1657,0.0,0.011825662907650105,0.009330801301570027
1658,0.0,0.0011785864519232947,0.006324554101759331
1659,0.0,0.0020879040606950608,0.005804214367478527
1660,0.0,0.29439195367266074,0.3282581711475701
1661,0.0,0.12032916793660468,0.16891366468356211
1662,0.0,0.06610789393477598,0.08420975504874882
1663,0.0,0.011581834806461444,0.017231461095235868
1664,0.0,0.015544041450777202,0.01630710134012706
1665,0.0,0.0408107284364523,0.03235259142880823
1666,0.0,0.025236208473026513,0.03542797702913879
1667,0.0,0.024992380371837854,0.03612560703299449
1668,0.0,0.013075281926241997,0.028283083072983297
1669,0.0,0.11118561414202985,0.17257622220380453
1670,0.0,0.060316976531545254,0.09002333841421302
1671,0.0,0.008808290155440414,0.0035172179361058365
1672,0.0,0.012465711673270343,0.0010755129226108753
1673,0.0,0.012465711673270343,0.011824828565354165
1674,0.0,0.014294422432185308,0.011539962980446421
1675,0.0,0.08530935690338311,0.10606882850289419
1676,0.0,0.14017067967083205,0.08519225063751226
1677,0.0,0.23851048234135427,0.7058346035532526
1678,0.0,0.32304175556232856,0.328606986149498
1679,0.0,0.008453127322097425,0.0170782419435626
1680,0.0,0.07220359646449252,0.09967970038424903
1681,0.0,0.040231636696129225,0.0603798768337111
1682,0.0,0.030143249009448335,0.043043771237896884
1683,0.0,0.0027125876257238645,0.0005464768363536341
1684,0.0,0.13212032211505761,0.30569334789131486
1685,0.0,0.11757124037470937,0.3464532937433111
1686,0.0,0.2404145077720207,0.1636756260712789
1687,0.0,0.003017372752209692,0.001715007092811937
1688,0.0,0.003017372752209692,0.0016510576757918303
1689,0.0,0.06846808950103399,0.17543496774302042
1690,0.0,0.08119853602383872,0.14889764129469946
1691,0.0,0.08665444167646931,0.22330622329685432
1692,0.0,0.03573265558525041,0.12999196428249693
1693,0.0,0.034823337976478644,0.13259366295390096
1694,0.0,0.14757872146417766,0.3962324616561746
1695,0.0,0.19320329167936603,0.2229799899823791
1696,0.0,0.19411764705882353,0.22344507665161623
1697,0.0,0.10211284102558935,0.23510059060721922
1698,0.0,0.2617799451386772,0.3080327146191202
1699,0.0,0.035934166412679054,0.0260099719770868
1700,0.0,0.0048460835111246575,0.005208970695455916
1701,0.0,0.04206034745504419,0.03444548144037534
1702,0.0,0.020085339835416032,0.02136491886808091
1703,0.0,0.13041755562328555,0.1941504300730422
1704,0.0,0.09198415117342273,0.10996392935775519
1705,0.0,0.0011886619932947272,0.005319428779399737
1706,0.0,0.0008838768668088996,0.005208970695455916
1707,0.0,0.0005486132276744896,0.004040440438997614
1708,0.0,0.0005486132276744896,0.00410438985601772
1709,0.0,0.004510819871990247,0.005319428779399737
1710,0.0,0.009448338921060652,0.014563026330487802
1711,0.0,0.007284364523011276,0.02031847386229735
1712,0.0,0.009753124047546477,0.014795569665106369
1713,0.0,0.010941786040841206,0.028283083072983297
1714,0.0,0.003017372752209692,0.0036974390204352267
1715,0.0,0.09174032307223406,0.07037342663894404
1716,0.0,0.04571776897287412,0.043863486492427335
1717,0.0,0.05300969015191397,0.09460886235140228
1718,0.0,0.04755378449928337,0.10727046255223517
1719,0.0,0.04294422432185309,0.06142050825612919
1720,0.0,0.05028173732559867,0.10172017205323994
1721,0.0,0.06184090216397439,0.08380280421316633
1722,0.0,0.3248704663212435,0.3158287299122077
1723,0.0,0.05848826577263029,0.06304249801509369
1724,0.0,0.03928680280402316,0.05757772965155736
1725,0.0,0.03864675403840292,0.08158782895092447
1726,0.0,0.13803718378543126,0.15601332319559708
1727,0.0,0.07220359646449252,0.08107042003139815
1728,0.0,0.12246266382200548,0.1713495561136916
1729,0.0,0.032855836635172206,0.04404370757675672
1730,0.0,0.024352331606217616,0.04316585648857162
1731,0.0,0.021274001828710757,0.01805117634976632
1732,0.0,0.017616580310880828,0.019853387193060217
1733,0.0,0.015239256324291371,0.022347414456844357
1734,0.0,0.026821091130752817,0.050025884859819375
1735,0.0,0.023163669612922887,0.016655916342054912
1736,0.0,0.012130448034135932,0.02206254887193661
1737,0.0,0.024992380371837854,0.0560778251432676
1738,0.0,0.12191405059433098,0.17699454556155733
1739,0.0,0.06946053032612008,0.05136882261724161
1740,0.0,0.06278573605608045,0.053915172131314915
1741,0.0,0.04934471197805547,0.05020610594414877
1742,0.0,0.02800975312404754,0.027236638067199743
1743,0.0,0.026821091130752817,0.030899195587442183
1744,0.0,0.014903992685156962,0.03352112168526653
1745,0.0,0.03380067052727826,0.024149625300138252
1746,0.0,0.06278573605608045,0.07462315607909836
1747,0.0,0.10484079385190465,0.24828253054233287
1748,0.0,0.0033221578786955196,0.0048601556935280645
1749,0.0,0.010332215787869551,0.014324669412503769
1750,0.0,0.02285888448643706,0.025254206139576452
